ds,n.min,binID,temperature.pearson.r,pH.pearson.r,DO.pearson.r,Ammonium.pearson.r,Phosphate.pearson.r,Elect_cond.pearson.r,Evapotranspiration.pearson.r,COD.pearson.r,temperature.pearson.p,pH.pearson.p,DO.pearson.p,Ammonium.pearson.p,Phosphate.pearson.p,Elect_cond.pearson.p,Evapotranspiration.pearson.p,COD.pearson.p,abu
0.2,12,bin7,0.00983635168311552,-0.120813990709178,0.00983635168311635,0.00983635168311633,0.00983635168311636,0.00983635168311627,0.00983635168311634,0.00983635168311634,0.31,0.942,0.301,0.286,0.314,0.301,0.316,0.291,0.0100494880254938
0.2,12,bin5,-0.0703755790497515,NA,-0.0703755790497506,-0.0703755790497506,-0.0703755790497506,-0.0703755790497506,-0.0703755790497506,-0.0703755790497506,0.78,NA,0.785,0.79,0.81,0.791,0.782,0.781,0.00340841633863497
0.2,12,bin1,0.206184985087225,-0.132356296150593,0.206184985087228,0.206184985087228,0.206184985087228,0.206184985087228,0.206184985087228,0.206184985087228,0.036,0.861,0.03,0.03,0.03,0.032,0.037,0.027,0.014707702404707
0.2,12,bin2,0.113409337728166,NA,0.113409337728164,0.113409337728164,0.113409337728164,0.113409337728164,0.113409337728164,0.113409337728164,0.039,NA,0.046,0.05,0.051,0.046,0.051,0.053,0.00763529416534458
0.2,12,bin3,-0.108095033070443,NA,-0.108095033070443,-0.108095033070443,-0.108095033070443,-0.108095033070443,-0.108095033070443,-0.108095033070443,0.998,NA,0.997,0.996,0.997,0.995,0.997,0.995,0.002704919105072
0.2,12,bin4,-0.0266303463402166,-0.0747113614352568,-0.0266303463402193,-0.0266303463402193,-0.0266303463402193,-0.0266303463402193,-0.0266303463402193,-0.0266303463402193,0.648,0.61,0.647,0.6,0.626,0.644,0.643,0.625,0.0141632447558528
0.2,12,bin6,0.0226028190668829,-0.137358814436916,0.0226028190668848,0.0226028190668848,0.0226028190668848,0.0226028190668848,0.0226028190668848,0.0226028190668848,0.458,0.796,0.505,0.471,0.477,0.51,0.492,0.495,0.00540340973438739
0.2,12,bin8,0.0297946978088759,-0.098814491204642,0.0297946978088765,0.0297946978088765,0.0297946978088765,0.0297946978088765,0.0297946978088765,0.0297946978088765,0.131,0.959,0.126,0.113,0.114,0.127,0.137,0.12,0.0104591247622559
0.2,12,bin9,-0.115981782935522,-0.101581489271851,-0.115981782935522,-0.115981782935522,-0.115981782935522,-0.115981782935522,-0.115981782935522,-0.115981782935522,0.743,0.71,0.774,0.757,0.753,0.766,0.77,0.73,0.00694648460242064
0.2,12,bin10,0.124086761982721,0.244821663373078,0.12408676198272,0.12408676198272,0.12408676198272,0.12408676198272,0.12408676198272,0.12408676198272,0.062,0.015,0.073,0.071,0.084,0.066,0.072,0.07,0.00544831666915315
0.2,12,bin11,0.128776518626776,-0.149765386652018,0.128776518626774,0.128776518626774,0.128776518626774,0.128776518626774,0.128776518626774,0.128776518626774,0.017,0.96,0.02,0.018,0.026,0.016,0.02,0.019,0.00707061784603112
0.2,12,bin12,0.0588544231713376,0.152777964171269,0.0588544231713384,0.0588544231713384,0.0588544231713384,0.0588544231713383,0.0588544231713384,0.0588544231713384,0.169,0.248,0.144,0.184,0.161,0.148,0.175,0.154,0.00505916088716411
0.2,12,bin13,0.129412735717696,0.108374187824686,0.129412735717696,0.129412735717696,0.129412735717695,0.129412735717696,0.129412735717696,0.129412735717696,0.063,0.045,0.064,0.071,0.083,0.065,0.071,0.072,0.0083153292521979
0.2,12,bin15,0.00959585261240506,0.0120793854442209,0.00959585261240532,0.00959585261240532,0.00959585261240529,0.00959585261240521,0.00959585261240531,0.0095958526124053,0.341,0.436,0.321,0.333,0.353,0.336,0.351,0.33,0.0143283197354415
0.2,12,bin14,-0.0130461206940625,-0.0713735337523861,-0.0130461206940606,-0.0130461206940606,-0.0130461206940606,-0.0130461206940606,-0.0130461206940606,-0.0130461206940606,0.567,0.762,0.577,0.576,0.557,0.567,0.587,0.565,0.00778435718300816
0.2,12,bin19,0.354431187506434,-0.153448062126967,0.354431187506434,0.354431187506434,0.354431187506434,0.354431187506434,0.354431187506434,0.354431187506434,0.009,0.83,0.012,0.01,0.006,0.014,0.006,0.011,0.00523963229320763
0.2,12,bin17,0.150949178306379,NA,0.15094917830638,0.15094917830638,0.15094917830638,0.15094917830638,0.15094917830638,0.15094917830638,0.12,NA,0.118,0.103,0.133,0.11,0.094,0.122,0.0068783846746891
0.2,12,bin16,0.101101122613026,0.107423015618427,0.101101122613028,0.101101122613028,0.101101122613028,0.101101122613028,0.101101122613028,0.101101122613028,0.116,0.133,0.108,0.111,0.104,0.111,0.104,0.12,0.0140237312950586
0.2,12,bin18,0.128661253703155,0.125308012179869,0.128661253703156,0.128661253703156,0.128661253703156,0.128661253703156,0.128661253703156,0.128661253703156,0.106,0.191,0.107,0.093,0.101,0.097,0.107,0.102,0.00537145859367661
0.2,12,bin20,0.103076969195175,NA,0.103076969195175,0.103076969195175,0.103076969195175,0.103076969195175,0.103076969195175,0.103076969195175,0.09,NA,0.081,0.097,0.087,0.103,0.094,0.069,0.0041405570071461
0.2,12,bin21,-0.075623661459919,NA,-0.075623661459919,-0.075623661459919,-0.075623661459919,-0.075623661459919,-0.075623661459919,-0.075623661459919,0.739,NA,0.731,0.712,0.712,0.697,0.747,0.736,0.00266337318845994
0.2,12,bin22,0.00277885843417639,0.247462228869447,0.00277885843417711,0.0027788584341771,0.00277885843417711,0.00277885843417696,0.00277885843417709,0.00277885843417709,0.383,0.242,0.378,0.408,0.363,0.423,0.373,0.4,0.0034191099598995
0.2,12,bin23,-0.0321604507476778,0.0760933226605385,-0.0321604507476792,-0.0321604507476792,-0.0321604507476792,-0.0321604507476792,-0.0321604507476792,-0.0321604507476792,0.709,0.127,0.723,0.715,0.712,0.712,0.694,0.69,0.00543158843843634
0.2,12,bin24,0.136575698844538,-0.135376887185216,0.13657569884454,0.13657569884454,0.13657569884454,0.13657569884454,0.13657569884454,0.13657569884454,0.223,0.857,0.222,0.201,0.229,0.214,0.218,0.208,0.00826297605808191
0.2,12,bin25,0.020308239292526,0.0206238290314846,0.0203082392925287,0.0203082392925287,0.0203082392925287,0.0203082392925287,0.0203082392925287,0.0203082392925287,0.404,0.379,0.411,0.371,0.4,0.394,0.396,0.404,0.00489667349845587
0.2,12,bin26,-0.106065414617063,0.187848273664011,-0.106065414617064,-0.106065414617064,-0.106065414617064,-0.106065414617064,-0.106065414617064,-0.106065414617064,0.698,0.168,0.702,0.715,0.682,0.707,0.708,0.728,0.0138742327577431
0.2,12,bin27,0.296117969308164,0.0738180876230888,0.296117969308162,0.296117969308162,0.296117969308162,0.296117969308162,0.296117969308162,0.296117969308162,0.001,0.285,0.002,0.001,0.001,0.002,0.003,0.002,0.0133302293394129
0.2,12,bin28,-0.0144165697958685,NA,-0.014416569795868,-0.014416569795868,-0.014416569795868,-0.0144165697958683,-0.014416569795868,-0.014416569795868,0.544,NA,0.525,0.518,0.513,0.508,0.545,0.543,0.00720695581138222
0.2,12,bin29,-0.0100294055568202,NA,-0.0100294055568201,-0.0100294055568201,-0.0100294055568201,-0.01002940555682,-0.0100294055568201,-0.0100294055568201,0.509,NA,0.487,0.486,0.487,0.509,0.468,0.532,0.00287349301808677
0.2,12,bin30,-0.0215721900996525,0.0532378151756873,-0.0215721900996507,-0.0215721900996507,-0.0215721900996507,-0.0215721900996507,-0.0215721900996507,-0.0215721900996507,0.438,0.345,0.437,0.445,0.45,0.43,0.458,0.461,0.00329981657216401
0.2,12,bin40,-0.030957278998487,-0.118021384754466,-0.0309572789984874,-0.0309572789984874,-0.0309572789984874,-0.0309572789984874,-0.0309572789984874,-0.0309572789984874,0.726,0.858,0.775,0.765,0.75,0.75,0.774,0.724,0.00853518300131694
0.2,12,bin33,0.392507892126631,-0.0732118753430232,0.392507892126633,0.392507892126633,0.392507892126633,0.392507892126633,0.392507892126633,0.392507892126633,0.012,0.548,0.005,0.013,0.01,0.009,0.012,0.007,0.00394932962286575
0.2,12,bin31,-0.029933244080394,-0.0358857739566566,-0.0299332440803934,-0.0299332440803934,-0.0299332440803934,-0.0299332440803934,-0.0299332440803934,-0.0299332440803934,0.765,0.644,0.741,0.758,0.753,0.769,0.79,0.763,0.00589830196903028
0.2,12,bin32,0.178733928824668,-0.0438313088986426,0.17873392882466,0.17873392882466,0.17873392882466,0.17873392882466,0.17873392882466,0.17873392882466,0.017,0.706,0.022,0.024,0.016,0.024,0.027,0.011,0.00401838471277764
0.2,12,bin34,-0.060195046721177,0.122640254083152,-0.0601950467211751,-0.0601950467211751,-0.0601950467211751,-0.060195046721175,-0.0601950467211751,-0.0601950467211751,0.874,0.126,0.888,0.904,0.879,0.892,0.898,0.891,0.00901111153030268
0.2,12,bin35,-0.0510238964956706,NA,-0.0510238964956706,-0.0510238964956706,-0.0510238964956706,-0.0510238964956706,-0.0510238964956706,-0.0510238964956706,0.731,NA,0.715,0.708,0.723,0.727,0.735,0.722,0.0049262681375628
0.2,12,bin36,-0.0176261951826852,0.124953938896919,-0.0176261951826882,-0.0176261951826882,-0.0176261951826882,-0.0176261951826882,-0.0176261951826882,-0.0176261951826882,0.578,0.065,0.6,0.601,0.584,0.568,0.559,0.587,0.0138504861093251
0.2,12,bin37,0.176322807880364,0.0877813506719393,0.176322807880361,0.176322807880361,0.176322807880361,0.176322807880361,0.176322807880361,0.176322807880361,0.024,0.124,0.028,0.03,0.031,0.035,0.028,0.036,0.0106317744377473
0.2,12,bin38,0.0567549926998657,-0.133967286763535,0.0567549926998633,0.0567549926998633,0.0567549926998633,0.0567549926998635,0.0567549926998633,0.0567549926998633,0.105,0.943,0.106,0.11,0.094,0.12,0.113,0.104,0.00851711240662842
0.2,12,bin39,-0.0700277181739935,NA,-0.0700277181739932,-0.0700277181739932,-0.0700277181739932,-0.0700277181739932,-0.0700277181739932,-0.0700277181739932,0.798,NA,0.793,0.81,0.779,0.769,0.817,0.792,0.00295991573411014
0.2,12,bin41,-0.0252012663823331,-0.163384282677607,-0.0252012663823337,-0.0252012663823337,-0.0252012663823337,-0.0252012663823337,-0.0252012663823337,-0.0252012663823337,0.868,0.945,0.887,0.881,0.881,0.866,0.864,0.872,0.00636412919746769
0.2,12,bin42,0.0140215602477475,NA,0.0140215602477505,0.0140215602477505,0.0140215602477506,0.0140215602477503,0.0140215602477505,0.0140215602477505,0.346,NA,0.349,0.319,0.312,0.325,0.32,0.333,0.00347216392745751
0.2,12,bin43,0.269191502034368,0.0933366664864904,0.269191502034368,0.269191502034368,0.269191502034368,0.269191502034368,0.269191502034368,0.269191502034368,0.002,0.017,0.002,0.002,0.002,0.001,0.002,0.001,0.00763499843904815
0.2,12,bin44,-0.032939365048408,NA,-0.032939365048408,-0.032939365048408,-0.032939365048408,-0.032939365048408,-0.032939365048408,-0.032939365048408,0.684,NA,0.707,0.712,0.721,0.705,0.681,0.715,0.00358021186098419
0.2,12,bin45,0.229525887998218,0.136046241423973,0.229525887998215,0.229525887998215,0.229525887998215,0.229525887998215,0.229525887998215,0.229525887998215,0.082,0.244,0.077,0.071,0.073,0.066,0.088,0.089,0.00670646140906293
0.2,12,bin46,-0.0713511553288823,-0.144596011319142,-0.0713511553288821,-0.0713511553288821,-0.0713511553288821,-0.071351155328882,-0.0713511553288821,-0.0713511553288821,0.844,0.971,0.852,0.827,0.828,0.833,0.845,0.837,0.0118366957460665
0.2,12,bin47,0.00346964808613462,-0.186366469261081,0.00346964808613793,0.00346964808613794,0.00346964808613794,0.00346964808613798,0.00346964808613793,0.00346964808613794,0.365,0.988,0.367,0.352,0.413,0.389,0.365,0.362,0.00490974261905716
0.2,12,bin48,-0.0275733860846101,-0.148489112942576,-0.0275733860846109,-0.0275733860846109,-0.0275733860846109,-0.0275733860846109,-0.0275733860846109,-0.0275733860846109,0.738,0.842,0.752,0.747,0.739,0.736,0.721,0.727,0.015042992804488
0.2,12,bin49,0.100740694173374,NA,0.100740694173374,0.100740694173374,0.100740694173374,0.100740694173374,0.100740694173374,0.100740694173374,0.052,NA,0.034,0.031,0.046,0.041,0.044,0.044,0.00462909858145959
0.2,12,bin52,0.0296587339694235,-0.117225721147746,0.0296587339694218,0.0296587339694219,0.0296587339694219,0.0296587339694219,0.0296587339694219,0.0296587339694219,0.115,0.836,0.134,0.127,0.107,0.102,0.132,0.135,0.0125464086358081
0.2,12,bin50,0.0622860797888793,-0.264735042905322,0.0622860797888825,0.0622860797888825,0.0622860797888825,0.0622860797888824,0.0622860797888824,0.0622860797888825,0.205,0.922,0.186,0.182,0.191,0.202,0.205,0.196,0.0114063963986203
0.2,12,bin51,0.00253908942222314,NA,0.00253908942222314,0.00253908942222314,0.00253908942222314,0.00253908942222314,0.00253908942222314,0.00253908942222314,0.407,NA,0.41,0.419,0.423,0.414,0.392,0.401,0.00165704963596754
0.2,12,bin54,0.0982374710639565,-0.0632333309063231,0.0982374710639566,0.0982374710639566,0.0982374710639566,0.0982374710639565,0.0982374710639566,0.0982374710639566,0.087,0.586,0.097,0.084,0.085,0.088,0.097,0.079,0.00801967167531108
0.2,12,bin53,0.158748079653741,-0.110519809218739,0.158748079653743,0.158748079653743,0.158748079653743,0.158748079653743,0.158748079653743,0.158748079653743,0.126,0.672,0.133,0.127,0.127,0.113,0.131,0.135,0.00890653093468646
0.2,12,bin56,0.114824721950042,-0.125724846404139,0.114824721950042,0.114824721950042,0.114824721950042,0.114824721950042,0.114824721950042,0.114824721950042,0.038,0.773,0.045,0.053,0.042,0.05,0.037,0.032,0.16270953899565
0.2,12,bin55,0.341163976531866,-0.171173460729779,0.341163976531865,0.341163976531865,0.341163976531865,0.341163976531866,0.341163976531865,0.341163976531865,0.108,0.955,0.096,0.105,0.09,0.108,0.108,0.112,0.00608533069319962
0.2,12,bin57,0.180695215416166,0.127288259392364,0.180695215416163,0.180695215416163,0.180695215416163,0.180695215416163,0.180695215416163,0.180695215416163,0.035,0.047,0.042,0.026,0.051,0.041,0.037,0.033,0.00656469861194691
0.2,12,bin58,0.0179738280108845,NA,0.0179738280108845,0.0179738280108845,0.0179738280108845,0.0179738280108845,0.0179738280108845,0.0179738280108845,0.448,NA,0.389,0.416,0.43,0.414,0.423,0.414,0.00365511231496342
0.2,12,bin61,0.00202611592278793,0.102272270658421,0.00202611592278778,0.00202611592278778,0.00202611592278778,0.00202611592278782,0.00202611592278779,0.00202611592278778,0.363,0.153,0.373,0.351,0.331,0.382,0.357,0.363,0.0147892380924749
0.2,12,bin59,-0.020431824944384,-0.0230236972567394,-0.0204318249443842,-0.0204318249443842,-0.0204318249443842,-0.020431824944384,-0.0204318249443841,-0.0204318249443841,0.52,0.527,0.522,0.51,0.514,0.513,0.513,0.485,0.0128053504006427
0.2,12,bin60,0.19183052549637,-0.0954952528631006,0.19183052549637,0.19183052549637,0.19183052549637,0.19183052549637,0.19183052549637,0.19183052549637,0.053,0.853,0.05,0.05,0.047,0.06,0.056,0.06,0.010205697533803
0.2,12,bin72,0.238842055785443,-0.0780777594487219,0.238842055785445,0.238842055785445,0.238842055785445,0.238842055785445,0.238842055785445,0.238842055785445,0.001,0.652,0.001,0.002,0.001,0.001,0.001,0.001,0.00959871058386922
0.2,12,bin62,0.0264347593501173,-0.136754368556538,0.0264347593501142,0.0264347593501142,0.0264347593501142,0.0264347593501143,0.0264347593501142,0.0264347593501142,0.077,0.92,0.093,0.093,0.098,0.097,0.092,0.093,0.0269574501758987
0.2,12,bin63,0.0296361704817302,0.0231951207144481,0.0296361704817277,0.0296361704817277,0.0296361704817277,0.0296361704817275,0.0296361704817277,0.0296361704817277,0.279,0.383,0.268,0.288,0.29,0.292,0.263,0.279,0.0135938925331595
0.2,12,bin64,0.0652832733930084,0.00359292598833377,0.0652832733930094,0.0652832733930095,0.0652832733930095,0.0652832733930097,0.0652832733930094,0.0652832733930094,0.139,0.494,0.164,0.135,0.143,0.141,0.15,0.147,0.00756867208526646
0.2,12,bin65,0.0912589712081884,-0.149461797261502,0.0912589712081839,0.0912589712081838,0.0912589712081838,0.091258971208184,0.0912589712081838,0.0912589712081838,0.122,0.929,0.112,0.133,0.131,0.136,0.124,0.114,0.0251590715380842
0.2,12,bin66,-0.0339934977351229,NA,-0.0339934977351229,-0.0339934977351229,-0.0339934977351229,-0.0339934977351229,-0.0339934977351229,-0.0339934977351229,0.621,NA,0.622,0.593,0.634,0.606,0.646,0.663,0.00457615668151423
0.2,12,bin67,0.198006223104365,NA,0.198006223104364,0.198006223104364,0.198006223104364,0.198006223104364,0.198006223104364,0.198006223104364,0.011,NA,0.009,0.01,0.007,0.005,0.006,0.007,0.00674760809035948
0.2,12,bin70,0.0921473589471472,0.0251697762252055,0.092147358947144,0.0921473589471441,0.0921473589471441,0.092147358947144,0.0921473589471441,0.0921473589471441,0.114,0.36,0.111,0.097,0.117,0.107,0.096,0.09,0.00847579579826739
0.2,12,bin68,0.179510954215917,-0.283900654372141,0.179510954215918,0.179510954215918,0.179510954215918,0.179510954215917,0.179510954215918,0.179510954215917,0.145,0.969,0.133,0.116,0.115,0.114,0.129,0.138,0.00456573839487411
0.2,12,bin69,0.33504720587938,0.320271278827748,0.335047205879372,0.335047205879372,0.335047205879373,0.335047205879373,0.335047205879372,0.335047205879373,0.042,0.103,0.044,0.046,0.049,0.046,0.052,0.041,0.00371544155191979
0.2,12,bin71,0.339201050344694,-0.0883637996216872,0.339201050344697,0.339201050344697,0.339201050344697,0.339201050344697,0.339201050344697,0.339201050344697,0.001,0.792,0.002,0.001,0.001,0.001,0.002,0.001,0.0141988894540682
0.2,12,bin73,-0.0265417017805542,0.0843124393833167,-0.0265417017805547,-0.0265417017805547,-0.0265417017805547,-0.0265417017805547,-0.0265417017805547,-0.0265417017805547,0.606,0.295,0.66,0.618,0.622,0.629,0.587,0.612,0.0029260549408997
0.2,12,bin74,-0.0246179818701501,-0.0458981498571352,-0.0246179818701501,-0.0246179818701501,-0.0246179818701501,-0.02461798187015,-0.0246179818701501,-0.0246179818701501,0.717,0.575,0.713,0.711,0.721,0.71,0.736,0.744,0.0114208860233163
0.2,12,bin75,-0.153507917218242,NA,-0.153507917218242,-0.153507917218242,-0.153507917218242,-0.153507917218242,-0.153507917218242,-0.153507917218242,0.952,NA,0.953,0.957,0.97,0.963,0.957,0.963,0.00194402823589447
0.2,12,bin96,-0.065860061688493,NA,-0.0658600616884907,-0.0658600616884907,-0.0658600616884907,-0.0658600616884908,-0.0658600616884907,-0.0658600616884907,0.593,NA,0.577,0.577,0.562,0.577,0.585,0.539,0.00229366955585323
0.2,12,bin76,0.0410031563104515,-0.0389911622632816,0.0410031563104528,0.0410031563104528,0.0410031563104527,0.0410031563104527,0.0410031563104528,0.0410031563104528,0.216,0.588,0.199,0.182,0.18,0.204,0.204,0.191,0.00856239358475691
0.2,12,bin77,0.221799728922713,NA,0.221799728922711,0.221799728922711,0.221799728922711,0.221799728922711,0.221799728922711,0.221799728922711,0.035,NA,0.043,0.035,0.026,0.029,0.031,0.036,0.00514148105821955
0.2,12,bin78,-0.0102286566831214,-0.02371041371354,-0.0102286566831206,-0.0102286566831206,-0.0102286566831206,-0.0102286566831206,-0.0102286566831206,-0.0102286566831206,0.462,0.533,0.477,0.47,0.435,0.477,0.486,0.452,0.00671426207652042
0.2,12,bin79,0.110891218434483,0.104534984299264,0.110891218434487,0.110891218434487,0.110891218434486,0.110891218434486,0.110891218434487,0.110891218434487,0.093,0.136,0.089,0.1,0.093,0.1,0.1,0.092,0.00657794148255801
0.2,12,bin80,0.229877098025102,NA,0.229877098025102,0.229877098025102,0.229877098025102,0.229877098025102,0.229877098025102,0.229877098025102,0.152,NA,0.156,0.161,0.165,0.162,0.14,0.182,0.00256104107310094
0.2,12,bin81,0.00395040560977156,0.160792521797374,0.00395040560977106,0.00395040560977106,0.00395040560977105,0.00395040560977106,0.00395040560977106,0.00395040560977106,0.379,0.091,0.4,0.407,0.387,0.355,0.396,0.372,0.00475073046781015
0.2,12,bin82,-0.0465570521311783,NA,-0.0465570521311782,-0.0465570521311782,-0.0465570521311782,-0.0465570521311782,-0.0465570521311782,-0.0465570521311782,0.796,NA,0.812,0.812,0.793,0.818,0.801,0.82,0.00643446957827835
0.2,12,bin83,-0.0809016952751007,NA,-0.0809016952751007,-0.0809016952751007,-0.0809016952751007,-0.0809016952751007,-0.0809016952751007,-0.0809016952751007,0.945,NA,0.938,0.946,0.933,0.944,0.944,0.941,0.0074558647296663
0.2,12,bin85,0.0752063800273704,-0.11368024737403,0.0752063800273704,0.0752063800273704,0.0752063800273704,0.0752063800273704,0.0752063800273704,0.0752063800273704,0.216,0.635,0.24,0.239,0.225,0.226,0.217,0.212,0.00341435142390899
0.2,12,bin84,-0.119434545613895,-0.115997916151442,-0.119434545613902,-0.119434545613902,-0.119434545613902,-0.119434545613902,-0.119434545613902,-0.119434545613902,0.859,0.814,0.862,0.883,0.879,0.866,0.876,0.869,0.00405033501455511
0.2,12,bin86,-0.1260035931402,-0.246343913296609,-0.126003593140199,-0.126003593140199,-0.126003593140199,-0.126003593140199,-0.126003593140199,-0.126003593140199,0.905,0.98,0.895,0.888,0.901,0.892,0.904,0.893,0.00434322641817806
0.2,12,bin87,0.0826962870619099,-0.207785020117766,0.0826962870619108,0.0826962870619108,0.0826962870619108,0.0826962870619109,0.0826962870619108,0.0826962870619108,0.147,0.96,0.145,0.175,0.13,0.146,0.155,0.161,0.0124811020577548
0.2,12,bin88,0.0210022079658218,NA,0.0210022079658236,0.0210022079658237,0.0210022079658237,0.0210022079658235,0.0210022079658236,0.0210022079658237,0.371,NA,0.374,0.37,0.377,0.386,0.364,0.37,0.00792052144562642
0.2,12,bin89,0.0119501051851556,-0.0797317007256109,0.0119501051851565,0.0119501051851564,0.0119501051851565,0.0119501051851565,0.0119501051851564,0.0119501051851564,0.291,0.864,0.31,0.347,0.359,0.304,0.3,0.344,0.00804678311587019
0.2,12,bin90,-0.0018295400413304,-0.0738721318345181,-0.00182954004133032,-0.00182954004133032,-0.00182954004133033,-0.00182954004133033,-0.00182954004133032,-0.00182954004133032,0.453,0.683,0.445,0.453,0.454,0.448,0.458,0.451,0.0179001746904873
0.2,12,bin91,0.184029009985485,-0.130104750075912,0.184029009985486,0.184029009985486,0.184029009985486,0.184029009985486,0.184029009985486,0.184029009985486,0.013,0.74,0.016,0.02,0.009,0.012,0.013,0.015,0.00642594656952415
0.2,12,bin92,0.10003682480848,-0.0879463890754515,0.100036824808483,0.100036824808483,0.100036824808483,0.100036824808483,0.100036824808483,0.100036824808483,0.177,0.735,0.148,0.145,0.167,0.147,0.146,0.142,0.0160243239930339
0.2,12,bin93,0.0117443004988506,-0.100901294222284,0.0117443004988467,0.0117443004988468,0.0117443004988469,0.0117443004988466,0.0117443004988468,0.0117443004988469,0.399,0.649,0.379,0.384,0.372,0.385,0.366,0.393,0.00689912425502609
0.2,12,bin94,0.0222711047948307,-0.0435002445384707,0.0222711047948301,0.0222711047948301,0.0222711047948301,0.0222711047948301,0.0222711047948301,0.0222711047948301,0.242,0.703,0.239,0.248,0.243,0.226,0.222,0.228,0.00763998197747265
0.2,12,bin95,-0.0521135624137026,NA,-0.0521135624137026,-0.0521135624137026,-0.0521135624137025,-0.0521135624137026,-0.0521135624137026,-0.0521135624137026,0.829,NA,0.828,0.815,0.835,0.809,0.801,0.814,0.00728505364968083
0.2,12,bin97,-0.0220210596687423,NA,-0.0220210596687423,-0.0220210596687423,-0.0220210596687423,-0.0220210596687423,-0.0220210596687423,-0.0220210596687423,0.525,NA,0.532,0.552,0.556,0.567,0.529,0.522,0.00194505776026603
0.2,12,bin98,0.279495387109417,-0.157578986254475,0.279495387109419,0.279495387109419,0.279495387109419,0.279495387109419,0.279495387109419,0.279495387109419,0.035,0.718,0.043,0.043,0.042,0.05,0.047,0.045,0.0063229307276409
0.2,12,bin101,0.0367182725262264,NA,0.0367182725262275,0.0367182725262275,0.0367182725262275,0.0367182725262275,0.0367182725262275,0.0367182725262275,0.183,NA,0.203,0.221,0.205,0.205,0.195,0.215,0.00557743020011968
0.2,12,bin99,0.143600758223973,0.0337157579972971,0.143600758223973,0.143600758223973,0.143600758223973,0.143600758223973,0.143600758223973,0.143600758223973,0.01,0.232,0.007,0.012,0.009,0.011,0.012,0.009,0.0146284724816908
0.2,12,bin100,0.0571590803417989,NA,0.0571590803417989,0.0571590803417989,0.057159080341799,0.057159080341799,0.0571590803417989,0.057159080341799,0.211,NA,0.199,0.206,0.218,0.208,0.179,0.199,0.00425693553130533
0.2,12,bin102,0.015332085700616,NA,0.015332085700616,0.015332085700616,0.015332085700616,0.015332085700616,0.015332085700616,0.015332085700616,0.323,NA,0.309,0.322,0.321,0.318,0.297,0.315,0.00446158162869427
0.2,12,bin103,-0.0188307903501885,NA,-0.0188307903501885,-0.0188307903501885,-0.0188307903501885,-0.0188307903501885,-0.0188307903501885,-0.0188307903501885,0.618,NA,0.633,0.64,0.658,0.658,0.612,0.62,0.00470609746475269
0.2,12,bin104,-0.0123891789435616,-0.0789669079122444,-0.0123891789435612,-0.0123891789435612,-0.0123891789435612,-0.012389178943561,-0.0123891789435612,-0.0123891789435612,0.346,0.664,0.346,0.374,0.357,0.351,0.358,0.35,0.00421498833973129
0.2,12,bin105,0.0853003729870874,-0.152889809982425,0.0853003729870894,0.0853003729870894,0.0853003729870893,0.0853003729870892,0.0853003729870894,0.0853003729870894,0.211,0.929,0.204,0.223,0.198,0.206,0.209,0.201,0.00887058188696241
0.2,12,bin108,-0.046028142077992,-0.00116672996611541,-0.0460281420779944,-0.0460281420779944,-0.0460281420779944,-0.0460281420779943,-0.0460281420779945,-0.0460281420779944,0.618,0.416,0.653,0.647,0.627,0.639,0.64,0.657,0.0105588046997709
0.2,12,bin106,-0.0210141511896932,-0.0540152167932119,-0.0210141511896927,-0.0210141511896927,-0.0210141511896927,-0.0210141511896928,-0.0210141511896927,-0.0210141511896927,0.64,0.742,0.625,0.626,0.606,0.627,0.631,0.635,0.00599128475428585
0.2,12,bin107,0.0883881924178333,0.0824245431072469,0.088388192417833,0.088388192417833,0.088388192417833,0.088388192417833,0.088388192417833,0.0883881924178331,0.097,0.159,0.098,0.105,0.096,0.115,0.108,0.081,0.0126642351951172
