"Method","GroupBasedOn","Group","Process","bin1","bin2","bin3","bin4","bin5","bin6","bin7","bin8","bin9","bin10","bin11","bin12","bin13","bin14","bin15","bin16","bin17","bin18","bin19","bin20","bin21","bin22","bin23","bin24","bin25","bin26","bin27","bin28","bin29","bin30","bin31","bin32","bin33","bin34","bin35","bin36","bin37","bin38","bin39","bin40","bin41","bin42","bin43","bin44","bin45","bin46","bin47","bin48","bin49","bin50","bin51","bin52","bin53","bin54","bin55","bin56","bin57","bin58","bin59","bin60","bin61","bin62","bin63","bin64","bin65","bin66","bin67","bin68","bin69","bin70","bin71","bin72","bin73","bin74","bin75","bin76","bin77","bin78","bin79","bin80","bin81","bin82","bin83","bin84","bin85","bin86","bin87","bin88","bin89","bin90","bin91","bin92","bin93","bin94","bin95","bin96","bin97","bin98","bin99","bin100","bin101","bin102","bin103","bin104","bin105","bin106","bin107","bin108"
"CbMPDiCbraya","host","C","HeS",0,0,0,0,0,0,0,0,0,0,0,0,0,0,0,0,0,0,0,0,0,0,0,0,0,0,0,0,0,0,0,0,0,0,0,0,0,0,0,0,0,0,0,0,0,0,0,0,0,0,0,0,0,0,0,0,0,0,0,0,0.0230973988396328,0,0,0,0,0,0.0101698345013296,0,0,0,0,0,0,0,0,0,0,0,0,0,0,0,0,0,0,0,0,0,0,0,0,0,0,0,0,0,0,0,0,0,0,0,0,0,0,0,0,0
"CbMPDiCbraya","host","C","HoS",0.0242625161903995,0,0,0.0186052827604416,0,0,0,0,0,0,0.00946553925109862,0,0,0,0,0,0.0105708927260016,0.0012588969137337,0,0.00414611971469866,0,0,0,0.0122599414093134,0,0,0,0,0,0,0,0,0,0,0,0,0,0.00997083257572338,0,0,0.00706691794974128,0.00451979627962008,0.00789893759386908,0.00336631351256897,0,0,0,0,0.00589071302491978,0.015746990062809,0,0.0108671121561211,0,0,0,0,0,0.00251196944999227,0,0,0,0,0,0,0.0195613829016419,0,0,0,0,0.00841008363843844,0,0.0114628680300364,0,0,0,0.0112689516882012,0,0,0,0,0,0,0,0,0,0,0,0,0,0,0,0,0,0,0,0,0,0,0.0087453334832587,0,0,0,0,0,0,0,0,0
"CbMPDiCbraya","host","C","DL",0,0,0,0,0.00435227433484901,0.00946009844171024,0.0111062810294537,0.011631952589624,0,0,0,0,0.0132569472919441,0.00824719285317801,0,0.0221271567509183,0,0,0,0,0.00335855712342528,0,0.00869621692842417,0,0.00828620909664406,0.025003100193785,0.016840517169953,0,0,0,0.00774014512969334,0,0,0.0121316274920518,0.00769316654180549,0.0218749399493928,0,0,0.00431656093382466,0.0123639988964576,0,0,0,0,0.0107234772446154,0.0208678620978631,0.00789194834089892,0,0,0,0,0,0,0,0.0104004373356408,0,0,0,0,0.017604192727961,0,0.0346040918854546,0.0180757471769342,0,0,0.00674544065558324,0,0,0,0,0,0,0.0039510243261337,0.0157514577807457,0.00315258011608357,0,0.00699041973515625,0.0112033209211582,0.0104056721897511,0.00446777462166535,0.00500900147382731,0.00845412878073663,0,0.00560807436141913,0,0,0,0,0.00943697854461835,0,0,0,0,0.00824253335119791,0.0110027988944396,0.00375495584611709,0,0,0,0.0052260377127544,0.00662216980838847,0.00727717089097633,0,0.00770968075401399,0,0.00768483480053165,0.0188066286082727,0
"CbMPDiCbraya","host","C","HD",0,0,0,0,0,0,0,0,0.00101565806178587,0.000613626745662294,0,0,0,0,0,0,0,0,0,0,0,0,0,0,0,0,0,0,0,0,0,0,0,0,0,0,0,0,0,0,0,0,0,0,0,0,0,0,0,0,0,0,0.0014916518862263,0.00267755938309479,0,0.0138366575491462,0,0,0,0,0,0,0,0,0,0,0,0,0,0,0,0,0,0,0,0,0,0,0,0,0,0,0,0,0,0,0,0,0,0,0,0,0,0,0,0,0,0,0,0,0,0,0,0,0,0,0,0
"CbMPDiCbraya","host","C","DR",0,0.00837783652142971,0.00274220288745143,0,0,0,0,0,0,0,0,0.00342455728732033,0,0,0.011018311672727,0,0,0,0.00179351808101226,0,0,0.00232619306538753,0,0,0,0,0,0.00618676901346534,0.00271424587557078,0.00239161787715244,0,0.00448098599143215,0.00189213475876808,0,0,0,0.0144939316977852,0,0,0,0,0,0,0,0,0,0,0.00300310665586806,0,0,0.00107778003110907,0,0,0,0,0,0.00406128975883978,0,0.0199076919780476,0,0,0,0,0.00653189904314123,0,0,0,0.00329041899258355,0.00107195565363394,0,0.011422495127032,0,0,0,0,0,0,0,0,0,0,0,0.00880764723662529,0,0.00370856678159412,0.00591983491229546,0.0125860640342168,0.00396557818420417,0,0.0201066655611844,0.0061867548422306,0.023061820537713,0.00836910704083437,0,0,0,0.00177235853805839,0.00379009389501129,0,0,0,0,0.00356937124555574,0,0.0160733611566947,0,0,0.0129566720544441
"CbMPDiCbraya","host","T","HeS",0,0,0,0,0,0,0,0,0,0,0,0,0,0,0,0,0,0,0,0,0,0,0,0,0,0,0,0,0,0,0,0,0,0,0,0,0,0,0,0,0,0,0,0,0,0,0,0,0,0,0,0,0,0,0,0,0,0,0,0,0,0,0,0,0,0,0,0,0,0,0,0,0,0,0,0,0,0,0,0,0,0,0,0,0,0,0,0.0118754647070487,0,0,0,0,0,0,0,0,0,0,0,0,0,0,0,0,0,0,0,0
"CbMPDiCbraya","host","T","HoS",0,0,0,0,0.00246455834242094,0,0.00908096436006741,0,0,0,0,0.00673608357291563,0,0,0,0,0,0,0,0,0,0,0,0,0,0,0,0,0,0,0,0.00355578343412313,0.00600652448696342,0,0,0,0,0,0,0,0.00585568057896302,0,0,0,0,0,0,0.0271640477842768,0,0,0,0,0,0,0,0,0,0,0,0,0,0,0,0,0,0.00240687270744523,0,0,0,0,0,0,0,0,0,0,0,0,0,0,0,0,0,0,0,0,0,0,0,0,0,0,0,0,0,0.000832383265589372,0,0,0,0,0.0045326905918509,0,0,0,0,0,0,0.00816093734509765
"CbMPDiCbraya","host","T","DL",0,0,0,0,0,0,0,0,0.0128773111430554,0.010283006592644,0,0,0,0,0,0,0,0.00948402027361951,0.00868574650540299,0,0,0.00455434594031922,0,0,0,0,0,0,0,0.00420801526717557,0,0,0,0,0,0,0,0,0,0,0,0,0,0.00383875904629721,0,0,0,0,0,0,0.0022809680777238,0,0.0163214099831466,0.0134041030534351,0,0.311666625359373,0,0.00479825517993457,0,0,0,0,0,0,0,0,0,0,0,0,0,0,0,0,0,0,0,0,0,0,0,0,0,0,0,0,0,0,0,0,0,0,0,0,0,0,0,0,0,0,0,0,0.00588340809953405,0,0,0,0,0
"CbMPDiCbraya","host","T","HD",0.00515288861901457,0,0,0,0,0,0,0,0,0,0,0,0,0,0,0,0,0,0,0,0,0,0,0,0,0.0027453653217012,0.00981994150887281,0,0,0,0,0,0,0,0,0.00582603226925746,0,0,0,0,0,0,0,0,0,0.00280552939426985,0,0,0,0,0,0,0,0,0,0,0,0,0.00570300882323783,0.00280720233964509,0,0.0193108084663428,0.00917529989094875,0,0,0,0,0,0,0,0,0,0,0,0,0,0,0,0,0,0,0,0,0,0,0.00276661792406067,0,0,0,0,0,0.00905147095271141,0.00542914146921781,0,0,0,0,0,0,0,0,0,0,0.000720295925448597,0.0016678026172301,0,0,0
"CbMPDiCbraya","host","T","DR",0,0.00689275180925944,0.00266763532269257,0.009721206751264,0,0.00134672102706454,0,0.00933094577178547,0,0,0.00467569644096362,0,0.00341733171408744,0.00732152151283831,0.017638327798156,0.00592030583919897,0.00322646103896104,0,0,0.00413499429959354,0.0019681892534946,0,0.0021669599484485,0.00430963120848617,0.00150713790026767,0,0,0.0082271426092991,0.00303274016060276,0,0.00409704322395162,0,0,0.00589059556855358,0.00215936973332012,0,0.00683426068206603,0.00706339223753346,0.00164558962030336,0.00479057202339645,0,0.00242453157529493,0.00737105928422722,0,0.00268944557351046,0,0.00197218573411322,0,0.00336748413799941,0.00711045157132943,0,0.0142662895310796,0,0,0.0017702240507584,0,0.00906810746505403,0,0,0,0.00652572618221473,0,0,0.00860544512739169,0.0308614739268365,0,0.00332538167938931,0.00584105779716467,0.0064018972439774,0.00860848121344305,0.0169752837811044,0.00777817363933776,0.00198225438683454,0.00709031426588679,0.000779096857341132,0.00585583548131258,0.00329254238128284,0.00222520323188262,0.00277253519381382,0.000654307524536532,0.0045350760880341,0.00449944854763557,0.00614640130861505,0.00249259566769109,0.00312013606622385,0,0.0123761400812928,0,0.00665658768712204,0.0157148433627441,0.00666513829681769,0,0,0.0070374306037474,0.00360962749082978,0,0.00216240581937147,0.00898532764944979,0.0205116114801229,0.00328783334985625,0,0.00168657678199663,0,0,0,0.00429773470804005,0.0066744014573213,0
"CbMPDiCbraya","host","C_vs_T","HeS",0,0,0,0,0,0,0,0,0,0,0,0,0.00349684983554628,0,0,0,0,0,0.00252862732153314,0,0,0,0,0,0,0,0,0,0,0,0,0,0.00163051952987355,0,0,0,0,0,0,0,0,0,0.00249173448753579,0,0,0.00394531048409777,0,0,0,0,0,0,0,0,0,0,0.00280790838506618,0,0,0,0.00568440434629404,0,0.00377825832860268,0,0,0,0,0,0.000672809489230617,0,0.00684461569457288,0,0,0,0,0,0,0,0,0,0,0,0,0,0,0,0,0,0,0,0,0,0,0,0,0,0,0,0,0,0,0,0,0,0,0,0,0
"CbMPDiCbraya","host","C_vs_T","HoS",0,0,0,0,0.0009900735946243,0,0.00649521802181271,0,0,0,0,0.000866543050031631,0,0.00257257238663492,0,0,0.00518220127572454,0,0,0,0,0,0,0.00509772096335726,0,0,0,0.00284361379749085,0,0,0,0.00175648711963954,0,0,0,0,0,0.00183255230183599,0,0.00234913864172222,0.00646129926435215,0,0,0,0,0.0043017253001977,0,0.00790188795114749,0,0.0114287208170692,0,0.00884545851885578,0,0,0.00163474812402403,0.0786828939216117,0,0,0,0,0,0,0,0.00166387761563915,0.0175511963251924,0,0,0,0,0,0,0,0,0,0,0,0,0,0,0,0,0,0,0,0.00225344563418332,0.00334050191401508,0.00304442525188249,0.00141139690424895,0,0,0,0,0,0,0,0,0,0.00203485516077988,0,0,0.000706222648963306,0,0,0,0.00301378154121407,0,0,0
"CbMPDiCbraya","host","C_vs_T","DL",0.00507933129383419,0.00496250711290923,0.00171430620688982,0.00533380275060214,0,0.00177458798545081,0,0.00696469479953251,0.00631716424281833,0.00463541322949082,0.00266317336179303,0.00347336941997621,0.00327157534858286,0.00208464567398783,0.0103663554536234,0.00994103105193262,0,0.00474220514446396,0.00216727599381781,0.00260686798756234,0.000798537387850229,0.00268623747027273,0.00337694113012235,0,0.00318042391645498,0.00415784819677857,0,0,0.0012667955314368,0.00225548353144732,0.00323274620608746,0,0.00161241601368979,0.00292463879944861,0.00256669403457896,0.00387707090085197,0.00313827057540573,0.00242600390147821,0,0.00426875326828016,0,0.00161381318961766,0.00258005552707106,0.00232467543375838,0.00529351601229979,0,0.00136861054488246,0.00607320125684772,0.00292305993561926,0,0.00134905242326255,0,0.00785382900209092,0.00614376280106268,0,0.0766837379981424,0.00241679246249546,0.00302711995246535,0,0.00646777603984145,0.005189336437104,0.00748644935485315,0,0.00274990412442642,0,0.0030033263021258,0.00541901341109616,0.00134873205337079,0.00252534987305952,0.0030700588941043,0.00392709118355454,0,0.00181654561261303,0.00773956967946366,0.00157014450633698,0,0.00203651601779709,0.00232615831768481,0,0.00196213803221327,0.00286548088793735,0,0.00241292344759719,0.00124014116433357,0,0,0,0.00539706521126369,0.00274640945400072,0.00484387395465628,0.00394581630052494,0.00468689991236211,0,0.00259373192958879,0.00375397126123259,0.00063388868095978,0.00059710061189614,0,0.0114884053446424,0.00276779623298686,0.00364057848799658,0.00344660289532503,0.00321513452349362,0.00329433035498362,0.0032075179098073,0.00435612318899823,0.00383263449220517,0.0034015830812362
"CbMPDiCbraya","host","C_vs_T","HD",0,0,0,0,0,0,0,0,0.000629320359602311,0,0,0,0,0,0.00118412806148957,0,0.000454930173508252,0.000207494551899634,0,0,0,0.000181120661524706,0,0,0,0,0,0,0,0,0,0,0,0,0,0,0,0,0,0,0,0.000122268774111097,0,0,0.000639163754939517,0,0,0,0,0,0,0.00163955757662777,0.000390124422029504,0.000770110214856582,0,0.00738500953450574,0,7.25543599589231e-05,0,0,0,0,0,0.00103443191820681,0.00766023208904685,0,0,0,0,0,0.00342718257594078,0,0,0,0,0,0,0,0,0,0,0,0,0,0,0,0.00483076925530746,0,0,0,0,0,0,0,0,0,0,0,0,0,0,0,0,0,0,0.000422409398684261,0,0
"CbMPDiCbraya","host","C_vs_T","DR",0.00962837111087284,0.00267278705243535,0.000990612898182185,0.00882944200525069,0.00241834274401067,0.00362882174893658,0.00359840467294783,0.00351675438117224,0,0.000812903439662327,0.00440744448423809,0.00074040796011014,0.00156871431888664,0.00312713912238541,0.00277783622032855,0.00408270024312602,0.00126154543324851,0.000421758897313013,0.000543728977856676,0.00153368901958375,0.00186483580060971,0.000572911371055944,0.00205464730831399,0.00318706534554254,0.00171624958200088,0.00971638456096454,0.0133302293394129,0.00436334201389137,0.00160669748664996,0.00104433304071668,0.00268584797073502,0.0022618975931381,0.000706394079302409,0.00608647273085408,0.00235957410298384,0.00997341520847317,0.00752582561451986,0.00425855620331421,0.00298107527706401,0.00195939354992465,0,0.00173608196372875,0.0025632084244413,0.00127786084567471,0.000773781641823625,0.00358965996177102,0.00356345649262361,0.00110848801207722,0.00170603864584033,0,0.000330321631153891,0.00208168474811678,0.000662577510566032,0.00112695820234569,0.00445058256917559,0,0.00133999776438527,0.000555438002539145,0.0128053504006427,0.00373792149396159,0.00393782172752575,0.0194710008210456,0.00984726520533877,0.00212045842699408,0,0.00157283037938843,0.00132859467926332,0.00321700634150331,0.000538767086515529,0.00543922353183644,0,0.0096205208346871,0.00115009374387109,0.0036813163438526,0.000395693980375378,0.00856239358475691,0.00310496504042245,0.00438810375883561,0.00658910369178246,0.000598903040887672,0.00190655789299336,0.0064767886641861,0.00506410082502298,0.00281019385022153,0.00116090578972566,0.00100272450416298,0.00460590755056485,0.00111205933011378,0.00530037366186947,0.013066880507308,0.00248013026899921,0.0113697458328501,0.00689912425502609,0.00504625004788386,0.00355224193140211,0.00165978087489345,0.00137028156681879,0.00435285561145066,0.00314006713704844,0.00148913929831847,0.0012306290631598,0.00103527094116145,0.00151125514905127,0.000920657984747676,0.00264928243594104,0.00121275216660336,0.00890788054059183,0.0071572216185347
