"Method","GroupBasedOn","Group","Index","bin1","bin2","bin3","bin4","bin5","bin6","bin7","bin8","bin9","bin10","bin11","bin12","bin13","bin14","bin15","bin16","bin17","bin18","bin19","bin20","bin21","bin22","bin23","bin24","bin25","bin26","bin27","bin28","bin29","bin30","bin31","bin32","bin33","bin34","bin35","bin36","bin37","bin38","bin39","bin40","bin41","bin42","bin43","bin44","bin45","bin46","bin47","bin48","bin49","bin50","bin51","bin52","bin53","bin54","bin55","bin56","bin57","bin58","bin59","bin60","bin61","bin62","bin63","bin64","bin65","bin66","bin67","bin68","bin69","bin70","bin71","bin72","bin73","bin74","bin75","bin76","bin77","bin78","bin79","bin80","bin81","bin82","bin83","bin84","bin85","bin86","bin87","bin88","bin89","bin90","bin91","bin92","bin93","bin94","bin95","bin96","bin97","bin98","bin99","bin100","bin101","bin102","bin103","bin104","bin105","bin106","bin107","bin108"
"CbMPDiCbraya","host","C","HeS","0","0","0","0","0","0","0","0","0","0","0","0","0","0","0","0","0","0","0","0","0","0","0","0","0","0","0","0","0","0","0","0","0","0","0","0","0","0","0","0","0","0","0","0","0","0","0","0","0","0","0","0","0","0","0","0","0","0","0","0","1","0","0","0","0","0","1","0","0","0","0","0","0","0","0","0","0","0","0","0","0","0","0","0","0","0","0","0","0","0","0","0","0","0","0","0","0","0","0","0","0","0","0","0","0","0","0","0"
"CbMPDiCbraya","host","C","HoS","1","0","0","1","0","0","0","0","0","0","1","0","0","0","0","0","1","1","0","1","0","0","0","1","0","0","0","0","0","0","0","0","0","0","0","0","0","1","0","0","1","1","1","1","0","0","0","0","1","1","0","1","0","0","0","0","0","1","0","0","0","0","0","0","1","0","0","0","0","1","0","1","0","0","0","1","0","0","0","0","0","0","0","0","0","0","0","0","0","0","0","0","0","0","0","0","0","0","1","0","0","0","0","0","0","0","0","0"
"CbMPDiCbraya","host","C","DL","0","0","0","0","1","1","1","1","0","0","0","0","1","1","0","1","0","0","0","0","1","0","1","0","1","1","1","0","0","0","1","0","0","1","1","1","0","0","1","1","0","0","0","0","1","1","1","0","0","0","0","0","0","0","1","0","0","0","0","1","0","1","1","0","0","1","0","0","0","0","0","0","1","1","1","0","1","1","1","1","1","1","0","1","0","0","0","0","1","0","0","0","0","1","1","1","0","0","0","1","1","1","0","1","0","1","1","0"
"CbMPDiCbraya","host","C","HD","0","0","0","0","0","0","0","0","1","1","0","0","0","0","0","0","0","0","0","0","0","0","0","0","0","0","0","0","0","0","0","0","0","0","0","0","0","0","0","0","0","0","0","0","0","0","0","0","0","0","0","0","1","1","0","1","0","0","0","0","0","0","0","0","0","0","0","0","0","0","0","0","0","0","0","0","0","0","0","0","0","0","0","0","0","0","0","0","0","0","0","0","0","0","0","0","0","0","0","0","0","0","0","0","0","0","0","0"
"CbMPDiCbraya","host","C","DR","0","1","1","0","0","0","0","0","0","0","0","1","0","0","1","0","0","0","1","0","0","1","0","0","0","0","0","1","1","1","0","1","1","0","0","0","1","0","0","0","0","0","0","0","0","0","0","1","0","0","1","0","0","0","0","0","1","0","1","0","0","0","0","1","0","0","0","1","1","0","1","0","0","0","0","0","0","0","0","0","0","0","1","0","1","1","1","1","0","1","1","1","1","0","0","0","1","1","0","0","0","0","1","0","1","0","0","1"
"CbMPDiCbraya","host","C","DominantProcess","HoS","DR","DR","HoS","DL","DL","DL","DL","HD","HD","HoS","DR","DL","DL","DR","DL","HoS","HoS","DR","HoS","DL","DR","DL","HoS","DL","DL","DL","DR","DR","DR","DL","DR","DR","DL","DL","DL","DR","HoS","DL","DL","HoS","HoS","HoS","HoS","DL","DL","DL","DR","HoS","HoS","DR","HoS","HD","HD","DL","HD","DR","HoS","DR","DL","HeS","DL","DL","DR","HoS","DL","HeS","DR","DR","HoS","DR","HoS","DL","DL","DL","HoS","DL","DL","DL","DL","DL","DL","DR","DL","DR","DR","DR","DR","DL","DR","DR","DR","DR","DL","DL","DL","DR","DR","HoS","DL","DL","DL","DR","DL","DR","DL","DL","DR"
"CbMPDiCbraya","host","C","DominantProcessImportance","1","1","1","1","1","1","1","1","1","1","1","1","1","1","1","1","1","1","1","1","1","1","1","1","1","1","1","1","1","1","1","1","1","1","1","1","1","1","1","1","1","1","1","1","1","1","1","1","1","1","1","1","1","1","1","1","1","1","1","1","1","1","1","1","1","1","1","1","1","1","1","1","1","1","1","1","1","1","1","1","1","1","1","1","1","1","1","1","1","1","1","1","1","1","1","1","1","1","1","1","1","1","1","1","1","1","1","1"
"CbMPDiCbraya","host","C","DominantProcessPvalue",NA,NA,NA,NA,NA,NA,NA,NA,NA,NA,NA,NA,NA,NA,NA,NA,NA,NA,NA,NA,NA,NA,NA,NA,NA,NA,NA,NA,NA,NA,NA,NA,NA,NA,NA,NA,NA,NA,NA,NA,NA,NA,NA,NA,NA,NA,NA,NA,NA,NA,NA,NA,NA,NA,NA,NA,NA,NA,NA,NA,NA,NA,NA,NA,NA,NA,NA,NA,NA,NA,NA,NA,NA,NA,NA,NA,NA,NA,NA,NA,NA,NA,NA,NA,NA,NA,NA,NA,NA,NA,NA,NA,NA,NA,NA,NA,NA,NA,NA,NA,NA,NA,NA,NA,NA,NA,NA,NA
"CbMPDiCbraya","host","T","HeS","0","0","0","0","0","0","0","0","0","0","0","0","0","0","0","0","0","0","0","0","0","0","0","0","0","0","0","0","0","0","0","0","0","0","0","0","0","0","0","0","0","0","0","0","0","0","0","0","0","0","0","0","0","0","0","0","0","0","0","0","0","0","0","0","0","0","0","0","0","0","0","0","0","0","0","0","0","0","0","0","0","0","0","0","0","0","0","1","0","0","0","0","0","0","0","0","0","0","0","0","0","0","0","0","0","0","0","0"
"CbMPDiCbraya","host","T","HoS","0","0","0","0","1","0","1","0","0","0","0","1","0","0","0","0","0","0","0","0","0","0","0","0","0","0","0","0","0","0","0","1","1","0","0","0","0","0","0","0","1","0","0","0","0","0","0","1","0","0","0","0","0","0","0","0","0","0","0","0","0","0","0","0","0","1","0","0","0","0","0","0","0","0","0","0","0","0","0","0","0","0","0","0","0","0","0","0","0","0","0","0","0","0","0","1","0","0","0","0","1","0","0","0","0","0","0","1"
"CbMPDiCbraya","host","T","DL","0","0","0","0","0","0","0","0","1","1","0","0","0","0","0","0","0","1","1","0","0","1","0","0","0","0","0","0","0","1","0","0","0","0","0","0","0","0","0","0","0","0","0","1","0","0","0","0","0","0","1","0","1","1","0","1","0","1","0","0","0","0","0","0","0","0","0","0","0","0","0","0","0","0","0","0","0","0","0","0","0","0","0","0","0","0","0","0","0","0","0","0","0","0","0","0","0","0","0","0","0","0","1","0","0","0","0","0"
"CbMPDiCbraya","host","T","HD","1","0","0","0","0","0","0","0","0","0","0","0","0","0","0","0","0","0","0","0","0","0","0","0","0","1","1","0","0","0","0","0","0","0","0","1","0","0","0","0","0","0","0","0","0","1","0","0","0","0","0","0","0","0","0","0","0","0","1","1","0","1","1","0","0","0","0","0","0","0","0","0","0","0","0","0","0","0","0","0","0","0","0","0","0","1","0","0","0","0","0","1","1","0","0","0","0","0","0","0","0","0","0","1","1","0","0","0"
"CbMPDiCbraya","host","T","DR","0","1","1","1","0","1","0","1","0","0","1","0","1","1","1","1","1","0","0","1","1","0","1","1","1","0","0","1","1","0","1","0","0","1","1","0","1","1","1","1","0","1","1","0","1","0","1","0","1","1","0","1","0","0","1","0","1","0","0","0","1","0","0","1","1","0","1","1","1","1","1","1","1","1","1","1","1","1","1","1","1","1","1","1","1","0","1","0","1","1","1","0","0","1","1","0","1","1","1","1","0","1","0","0","0","1","1","0"
"CbMPDiCbraya","host","T","DominantProcess","HD","DR","DR","DR","HoS","DR","HoS","DR","DL","DL","DR","HoS","DR","DR","DR","DR","DR","DL","DL","DR","DR","DL","DR","DR","DR","HD","HD","DR","DR","DL","DR","HoS","HoS","DR","DR","HD","DR","DR","DR","DR","HoS","DR","DR","DL","DR","HD","DR","HoS","DR","DR","DL","DR","DL","DL","DR","DL","DR","DL","HD","HD","DR","HD","HD","DR","DR","HoS","DR","DR","DR","DR","DR","DR","DR","DR","DR","DR","DR","DR","DR","DR","DR","DR","DR","DR","DR","HD","DR","HeS","DR","DR","DR","HD","HD","DR","DR","HoS","DR","DR","DR","DR","HoS","DR","DL","HD","HD","DR","DR","HoS"
"CbMPDiCbraya","host","T","DominantProcessImportance","1","1","1","1","1","1","1","1","1","1","1","1","1","1","1","1","1","1","1","1","1","1","1","1","1","1","1","1","1","1","1","1","1","1","1","1","1","1","1","1","1","1","1","1","1","1","1","1","1","1","1","1","1","1","1","1","1","1","1","1","1","1","1","1","1","1","1","1","1","1","1","1","1","1","1","1","1","1","1","1","1","1","1","1","1","1","1","1","1","1","1","1","1","1","1","1","1","1","1","1","1","1","1","1","1","1","1","1"
"CbMPDiCbraya","host","T","DominantProcessPvalue",NA,NA,NA,NA,NA,NA,NA,NA,NA,NA,NA,NA,NA,NA,NA,NA,NA,NA,NA,NA,NA,NA,NA,NA,NA,NA,NA,NA,NA,NA,NA,NA,NA,NA,NA,NA,NA,NA,NA,NA,NA,NA,NA,NA,NA,NA,NA,NA,NA,NA,NA,NA,NA,NA,NA,NA,NA,NA,NA,NA,NA,NA,NA,NA,NA,NA,NA,NA,NA,NA,NA,NA,NA,NA,NA,NA,NA,NA,NA,NA,NA,NA,NA,NA,NA,NA,NA,NA,NA,NA,NA,NA,NA,NA,NA,NA,NA,NA,NA,NA,NA,NA,NA,NA,NA,NA,NA,NA
"CbMPDiCbraya","host","C_vs_T","HeS","0","0","0","0","0","0","0","0","0","0","0","0","0.419430409468544","0","0","0","0","0","0.482596331198873","0","0","0","0","0","0","0","0","0","0","0","0","0","0.412859823204729","0","0","0","0","0","0","0","0","0","0.326356908574095","0","0","0.333311810047061","0","0","0","0","0","0","0","0","0","0","0.427728453512876","0","0","0","0.383781545134194","0","0.277292708730858","0","0","0","0","0","0.180043546065952","0","0.482052889890751","0","0","0","0","0","0","0","0","0","0","0","0","0","0","0","0","0","0","0","0","0","0","0","0","0","0","0","0","0","0","0","0","0","0","0","0","0"
"CbMPDiCbraya","host","C_vs_T","HoS","0","0","0","0","0.290479066011288","0","0.643497207913694","0","0","0","0","0.170568581637971","0","0.330479746259637","0","0","0.751187708020413","0","0","0","0","0","0","0.615311098353993","0","0","0","0.394565177297164","0","0","0","0.437112731903014","0","0","0","0","0","0.215161220651475","0","0.273879032322915","1","0","0","0","0","0.363422816002281","0","0.523873603446805","0","1","0","0.703880726448612","0","0","0.268637516421395","0.483453765618241","0","0","0","0","0","0","0","0.219837455883197","0.69616033002238","0","0","0","0","0","0","0","0","0","0","0","0","0","0","0","0","0","0","0","0.659992295580231","0.769129120239692","0.243922791256316","0.178194947635461","0","0","0","0","0","0","0","0","0","0.318557810980744","0","0","0.126621512708156","0","0","0","0.339750151638145","0","0","0"
"CbMPDiCbraya","host","C_vs_T","DL","0.345351786028021","0.649943146320843","0.633773558579004","0.376594688755766","0","0.328420029700376","0","0.664478230009814","0.909404483617079","0.850797321626924","0.376653556985536","0.683691012752821","0.392409812430203","0.267799334611499","0.72348716702503","0.7088720428803","0","0.882852406243359","0.413631314668274","0.629593550593122","0.299821816676007","0.780821812955278","0.621722571287915","0","0.64950704135326","0.299681306302009","0","0","0.440855614912983","0.683517850802291","0.54620170086117","0","0.408275876582763","0.324559161166033","0.521021991273255","0.279923092247401","0.294283783596257","0.284838779348525","0","0.497681147284152","0","0.464786001851984","0.337924827053758","0.645288556018151","0.789315808951987","0","0.277492283554708","0.402636666901922","0.631453377840485","0","0.803306696155506","0","0.88180561653968","0.764070608410107","0","0.471170289361989","0.368149797173812","0.82818794379391","0","0.633741693639171","0.350357123583469","0.27771355621558","0","0.36332715877327","0","0.656298835714692","0.803101386228769","0.295402832296524","0.675782600395207","0.360789399203058","0.276577347563571","0","0.612324382686641","0.677668060399428","0.79871490814226","0","0.396095209675307","0.346450330829253","0","0.766148599810423","0.600473093258995","0","0.322711731247547","0.306182367600966","0","0","0","0.681402764743963","0.341305266272697","0.270444998000662","0.614044368068428","0.291897821421368","0","0.339494508918569","0.513805327363964","0.276364430674922","0.303500061328277","0","0.785345521141829","0.650185142018853","0.652734029359697","0.769009352130036","0.680251681779436","0.781575200085519","0.361590474072684","0.727076640094945","0.300822571327697","0.322156075233592"
"CbMPDiCbraya","host","C_vs_T","HD","0","0","0","0","0","0","0","0","0.0905955163829214","0","0","0","0","0","0.082642492864016","0","0.0659445544787747","0.0386290889673618","0","0","0","0.0526472305075178","0","0","0","0","0","0","0","0","0","0","0","0","0","0","0","0","0","0","0","0.035213998148016","0","0","0.0953056635911999","0","0","0","0","0","0","0.130468417847531","0.0438020622047318","0.0957749508666787","0","0.0453759450197695","0","0.0198501041026558","0","0","0","0","0","0.136672841226731","0.30383966997762","0","0","0","0","0","0.241369762545678","0","0","0","0","0","0","0","0","0","0","0","0","0","0","0","0.387046691306076","0","0","0","0","0","0","0","0","0","0","0","0","0","0","0","0","0","0","0.0705039763603443","0","0"
"CbMPDiCbraya","host","C_vs_T","DR","0.654648213971979","0.350056853679157","0.366226441420996","0.623405311244234","0.709520933988712","0.671579970299624","0.356502792086306","0.335521769990186","0","0.149202678373076","0.623346443014464","0.145740405609208","0.188159778101253","0.401720919128864","0.193870340110954","0.2911279571197","0.182867737500812","0.0785185047892794","0.103772354132853","0.370406449406878","0.700178183323993","0.166530956537204","0.378277428712085","0.384688901646007","0.350492958646741","0.700318693697991","1","0.605434822702836","0.559144385087017","0.316482149197709","0.45379829913883","0.562887268096986","0.178864300212508","0.675440838833967","0.478978008726745","0.720076907752599","0.705716216403743","0.5","1","0.228439820392933","0","0.5","0.335718264372147","0.354711443981849","0.115378527456813","0.303265373950658","0.722507716445292","0.0734897296512729","0.368546622159515","0","0.196693303844494","0.165650855703857","0.0743923212555884","0.140154440723214","0.731362483578605","0","0.204121749313312","0.151961952103435","1","0.366258306360829","0.265861331282337","0.72228644378442","0.722707291269142","0.280162544116803","0","0.343701164285308","0.196898613771231","0.704597167703476","0.144173853538841","0.639210600796942","0","1","0.387675617313359","0.322331939600572","0.201285091857741","1","0.603904790324693","0.653549669170747","1","0.233851400189577","0.399526906741005","1","0.677288268752453","0.693817632399034","0.340007704419769","0.230870879760308","0.369030517437608","0.140402287620576","0.658694733727303","0.729555001999338","0.385955631931572","0.708102178578632","1","0.660505491081431","0.486194672636036","0.723635569325078","0.696499938671723","0.681442189019256","0.214654478858171","0.349814857981147","0.220644457932148","0.230990647869964","0.319748318220564","0.218424799914481","0.29865937428917","0.202419383544711","0.699177428672303","0.677843924766408"
"CbMPDiCbraya","host","C_vs_T","DominantProcess","DR","DL","DL","DR","DR","DR","HoS","DL","DL","DL","DR","DL","HeS","DR","DL","DL","HoS","DL","HeS","DL","DR","DL","DL","HoS","DL","DR","DR","DR","DR","DL","DL","DR","HeS","DR","DL","DR","DR","DR","DR","DL","HoS","DR","DL","DL","DL","HoS","DR","HoS","DL","HoS","DL","HoS","DL","DL","DR","HoS","HeS","DL","DR","DL","HeS","DR","DR","DL","HoS","DL","DL","DR","DL","DR","HeS","DR","DL","DL","DL","DR","DR","DR","DR","DL","DL","DR","DR","DR","HoS","HoS","HD","DL","DR","DR","DL","DR","DR","DR","DL","DR","DR","DR","DL","DL","DL","DL","DL","DL","DL","DL","DR","DR"
"CbMPDiCbraya","host","C_vs_T","DominantProcessImportance","0.654648213971979","0.649943146320843","0.633773558579004","0.623405311244234","0.709520933988712","0.671579970299624","0.643497207913694","0.664478230009814","0.909404483617079","0.850797321626924","0.623346443014464","0.683691012752821","0.419430409468544","0.401720919128864","0.72348716702503","0.7088720428803","0.751187708020413","0.882852406243359","0.482596331198873","0.629593550593122","0.700178183323993","0.780821812955278","0.621722571287915","0.615311098353993","0.64950704135326","0.700318693697991","1","0.605434822702836","0.559144385087017","0.683517850802291","0.54620170086117","0.562887268096986","0.412859823204729","0.675440838833967","0.521021991273255","0.720076907752599","0.705716216403743","0.5","1","0.497681147284152","1","0.5","0.337924827053758","0.645288556018151","0.789315808951987","0.363422816002281","0.722507716445292","0.523873603446805","0.631453377840485","1","0.803306696155506","0.703880726448612","0.88180561653968","0.764070608410107","0.731362483578605","0.483453765618241","0.427728453512876","0.82818794379391","1","0.633741693639171","0.383781545134194","0.72228644378442","0.722707291269142","0.36332715877327","0.69616033002238","0.656298835714692","0.803101386228769","0.704597167703476","0.675782600395207","0.639210600796942","0.482052889890751","1","0.612324382686641","0.677668060399428","0.79871490814226","1","0.603904790324693","0.653549669170747","1","0.766148599810423","0.600473093258995","1","0.677288268752453","0.693817632399034","0.659992295580231","0.769129120239692","0.387046691306076","0.681402764743963","0.658694733727303","0.729555001999338","0.614044368068428","0.708102178578632","1","0.660505491081431","0.513805327363964","0.723635569325078","0.696499938671723","0.681442189019256","0.785345521141829","0.650185142018853","0.652734029359697","0.769009352130036","0.680251681779436","0.781575200085519","0.361590474072684","0.727076640094945","0.699177428672303","0.677843924766408"
"CbMPDiCbraya","host","C_vs_T","DominantProcessPvalue","0.313","0.281","0.262","0.294","0.192","0.313","0.281","0.281","0.281","0.281","0.313","0.281","0.473","0.486","0.281","0.238","0.238","0.281","0.505","0.281","0.179","0.281","0.238","0.262","0.262","0.179","0","0.35","0.294","0.281","0.281","0.238","0.454","0.294","0.281","0.186","0.294","0.364","0","0.523","0","0.364","0.473","0.281","0.238","0.454","0.294","0.262","0.281","0","0.281","0.281","0.281","0.281","0.216","0.417","0.454","0.281","0","0.262","0.454","0.294","0.216","0.473","0.281","0.262","0.238","0.313","0.281","0.313","0.505","0","0.281","0.262","0.262","0","0.294","0.294","0","0.262","0.244","0","0.313","0.313","0.238","0.058","0.486","0.281","0.294","0.294","0.281","0.294","0","0.294","0.281","0.294","0.294","0.313","0.281","0.281","0.262","0.238","0.281","0.238","0.454","0.238","0.313","0.313"
