"Bin","BinRA","TopTaxonID","TopTaxonRAinBin","TopTaxon.Kingdom","TopTaxon.Phylum","TopTaxon.Class","TopTaxon.Order","TopTaxon.Family","TopTaxon.Genus","TopTaxon.Species","Kingdom.maxNamed","Kingdom.maxNamed.Percent","Phylum.maxNamed","Phylum.maxNamed.Percent","Class.maxNamed","Class.maxNamed.Percent","Order.maxNamed","Order.maxNamed.Percent","Family.maxNamed","Family.maxNamed.Percent","Genus.maxNamed","Genus.maxNamed.Percent","Species.maxNamed","Species.maxNamed.Percent"
"Bin1",0.014707702404707,"ASV33",0.151965222741369,"Bacteria","Chloroflexi","Anaerolineae","SBR1031","A4b","OLB15","uncultured bacterium","Bacteria",1,"Chloroflexi",1,"Anaerolineae",1,"SBR1031",1,"A4b",1,"OLB15",0.660989017037182,"uncultured bacterium",1
"Bin2",0.00763529416534458,"ASV97",0.184811580023744,"Bacteria","Chloroflexi","Anaerolineae","SBR1031","A4b","uncultured","uncultured bacterium","Bacteria",1,"Chloroflexi",1,"Anaerolineae",1,"SBR1031",1,"A4b",1,"uncultured",1,"uncultured bacterium",1
"Bin3",0.002704919105072,"ASV877",0.144718392469713,"Bacteria","Chloroflexi","Anaerolineae","SBR1031","A4b","uncultured","uncultured bacterium","Bacteria",1,"Chloroflexi",1,"Anaerolineae",1,"SBR1031",1,"A4b",1,"uncultured",0.881778438086231,"uncultured bacterium",1
"Bin4",0.0141632447558528,"ASV31",0.169291904374023,"Bacteria","Chloroflexi","Anaerolineae","SBR1031","A4b","uncultured","uncultured bacterium","Bacteria",1,"Chloroflexi",1,"Anaerolineae",1,"SBR1031",1,"A4b",1,"uncultured",1,"uncultured bacterium",1
"Bin5",0.00340841633863497,"ASV223",0.27783056368575,"Bacteria","Chloroflexi","Anaerolineae","SBR1031",NA,"uncultured","uncultured bacterium","Bacteria",1,"Chloroflexi",1,"Anaerolineae",1,"SBR1031",1,"A4b",1,"uncultured",1,"uncultured bacterium",1
"Bin6",0.00540340973438739,"ASV137",0.22488120205521,"Bacteria","Chloroflexi","Anaerolineae","Ardenticatenales",NA,"uncultured","uncultured bacterium","Bacteria",1,"Chloroflexi",1,"Anaerolineae",1,"Ardenticatenales",0.81323945825085,"A4b",1,"uncultured",1,"uncultured bacterium",1
"Bin7",0.0100936226947605,"ASV219",0.0966031814745277,"Bacteria","Chloroflexi","Anaerolineae","Caldilineales","Caldilineaceae","uncultured","uncultured bacterium","Bacteria",1,"Chloroflexi",0.978070691746156,"Anaerolineae",0.677817265523149,"Caldilineales",0.740915148379552,"Caldilineaceae",0.758439970790936,"uncultured",1,"uncultured bacterium",1
"Bin8",0.0104814491807048,"ASV374",0.0692216874861999,"Bacteria","Chloroflexi","Anaerolineae","RBG-13-54-9",NA,"uncultured","uncultured bacterium","Bacteria",1,"Chloroflexi",1,"Anaerolineae",0.994797892342493,"RBG-13-54-9",0.454965400735985,"Anaerolineaceae",1,"uncultured",1,"uncultured bacterium",1
"Bin9",0.00694648460242064,"ASV248",0.127527965236307,"Bacteria","Chloroflexi","Anaerolineae","Anaerolineales","Anaerolineaceae","uncultured","uncultured bacterium","Bacteria",1,"Chloroflexi",1,"Anaerolineae",1,"Anaerolineales",1,"Anaerolineaceae",1,"uncultured",0.461710633437854,"uncultured bacterium",1
"Bin10",0.00544831666915315,"ASV125",0.234182363163659,"Bacteria","Chloroflexi","Anaerolineae","Anaerolineales","Anaerolineaceae","uncultured","uncultured bacterium","Bacteria",1,"Chloroflexi",1,"Anaerolineae",1,"Anaerolineales",1,"Anaerolineaceae",1,"uncultured",0.630454017148065,"uncultured bacterium",1
"Bin11",0.00707061784603112,"ASV107",0.191729785822279,"Bacteria","Chloroflexi","KD4-96",NA,NA,"uncultured","uncultured bacterium","Bacteria",1,"Chloroflexi",0.752959447647699,"KD4-96",0.759542695762396,"DTU014",0.778786068215182,"Endomicrobiaceae",0.692307692307692,"uncultured",0.97994989498749,"uncultured bacterium",1
"Bin12",0.00508032043011798,"ASV395",0.13523219848308,"Bacteria","Firmicutes","Negativicutes","Veillonellales-Selenomonadales","Sporomusaceae","uncultured","uncultured bacterium","Bacteria",1,"Firmicutes",0.806874594648853,"Negativicutes",0.867787326351244,"Veillonellales-Selenomonadales",0.77459874097453,"Sporomusaceae",0.77459874097453,"uncultured",0.863911176406082,"uncultured bacterium",1
"Bin13",0.00833713950301578,"ASV148",0.137447401658121,"Bacteria","Fibrobacterota","Chitinivibrionia",NA,NA,"uncultured","uncultured bacterium","Bacteria",1,"Fibrobacterota",0.832991568915146,"Chitinivibrionia",0.561546637639748,"Fibrobacterales",0.782687869933499,"Fibrobacteraceae",0.7571523748763,"uncultured",0.778512138072694,"uncultured bacterium",1
"Bin14",0.00778435718300816,"ASV184",0.130162039333129,"Bacteria","Bacteroidota","Ignavibacteria","SJA-28",NA,"uncultured","uncultured bacterium","Bacteria",1,"Bacteroidota",1,"Ignavibacteria",0.396221163538048,"SJA-28",0.396221163538048,"BSV26",0.802405946301225,"uncultured",1,"uncultured bacterium",1
"Bin15",0.0143283197354415,"ASV84",0.106389469357516,"Bacteria","Bacteroidota","Ignavibacteria","Ignavibacteriales","PHOS-HE36","uncultured","uncultured bacterium","Bacteria",1,"Bacteroidota",1,"Ignavibacteria",0.840084051223187,"Ignavibacteriales",0.840084051223187,"Ignavibacteriaceae",0.241559807964943,"uncultured",0.609136254206505,"uncultured bacterium",1
"Bin16",0.0140237312950586,"ASV159",0.0786771702363569,"Bacteria","Bacteroidota","Bacteroidia","Cytophagales","Microscillaceae","Hassallia","uncultured bacterium","Bacteria",1,"Bacteroidota",1,"Bacteroidia",1,"Cytophagales",1,"Microscillaceae",1,"Ohtaekwangia",0.336789749980708,"uncultured bacterium",1
"Bin17",0.00689867688248131,"ASV317",0.105305701508976,"Bacteria","Bacteroidota","Bacteroidia","Cytophagales","Microscillaceae","OLB12","uncultured bacterium","Bacteria",1,"Bacteroidota",1,"Bacteroidia",1,"Cytophagales",1,"Microscillaceae",0.834863788578372,"uncultured",0.611011464816384,"uncultured bacterium",1
"Bin18",0.00537145859367661,"ASV352",0.136023277412816,"Bacteria","Bacteroidota","Bacteroidia","Bacteroidales","Paludibacteraceae","uncultured","uncultured bacterium","Bacteria",1,"Bacteroidota",1,"Bacteroidia",1,"Bacteroidales",1,"Paludibacteraceae",0.570826653239144,"uncultured",0.786846593791925,"uncultured bacterium",1
"Bin19",0.00523963229320763,"ASV215",0.180411705498668,"Bacteria","Bacteroidota","Bacteroidia","Bacteroidales","Bacteroidetes vadinHA17","uncultured","uncultured bacterium","Bacteria",1,"Bacteroidota",1,"Bacteroidia",0.972305552795001,"Bacteroidales",0.933450257298772,"Bacteroidetes vadinHA17",0.368013198601974,"uncultured",0.935293315634517,"uncultured bacterium",1
"Bin20",0.0041405570071461,"ASV454",0.153661916668591,"Bacteria","Bacteroidota","Bacteroidia","Flavobacteriales","Flavobacteriaceae","Flavobacterium","uncultured bacterium","Bacteria",1,"Bacteroidota",1,"Bacteroidia",1,"Flavobacteriales",1,"Flavobacteriaceae",0.568889332935466,"Flavobacterium",0.560167725005321,"uncultured bacterium",1
"Bin21",0.00266337318845994,"ASV279",0.322707352468175,"Bacteria","Bacteroidota","Bacteroidia","Bacteroidetes VC2.1 Bac22",NA,"uncultured","uncultured bacterium","Bacteria",1,"Bacteroidota",1,"Bacteroidia",1,"Bacteroidetes VC2.1 Bac22",0.603507992435843,"NS9 marine group",1,"uncultured",1,"uncultured bacterium",1
"Bin22",0.00344026950285338,"ASV274",0.244789130318673,"Bacteria","Bacteroidota","Bacteroidia","Sphingobacteriales","Lentimicrobiaceae","uncultured","uncultured bacterium","Bacteria",1,"Bacteroidota",1,"Bacteroidia",1,"Sphingobacteriales",0.821367628054794,"Lentimicrobiaceae",0.430724635955027,"uncultured",1,"uncultured bacterium",1
"Bin23",0.00543158843843634,"ASV531",0.106531505382137,"Bacteria","Bacteroidota","Bacteroidia","Sphingobacteriales","env.OPS 17","uncultured","uncultured bacterium","Bacteria",1,"Bacteroidota",1,"Bacteroidia",1,"Sphingobacteriales",0.984417418076717,"env.OPS 17",0.576246792723954,"uncultured",1,"uncultured bacterium",1
"Bin24",0.0082847863088998,"ASV188",0.123436786961988,"Bacteria","Bacteroidota","Bacteroidia","Chitinophagales","Chitinophagaceae","Terrimonas","uncultured bacterium","Bacteria",1,"Bacteroidota",1,"Bacteroidia",1,"Chitinophagales",0.979945442997036,"Chitinophagaceae",0.965969732560209,"Terrimonas",0.950515439541976,"uncultured bacterium",1
"Bin25",0.00489667349845587,"ASV122",0.264110061911383,"Bacteria","Bacteroidota","Bacteroidia","Chitinophagales","Chitinophagaceae","Terrimonas","uncultured bacterium","Bacteria",1,"Bacteroidota",1,"Bacteroidia",1,"Chitinophagales",1,"Chitinophagaceae",1,"Terrimonas",1,"uncultured bacterium",1
"Bin26",0.0138742327577431,"ASV20",0.206707391561869,"Bacteria","Bacteroidota","Bacteroidia","Chitinophagales","Chitinophagaceae","uncultured","uncultured bacterium","Bacteria",1,"Bacteroidota",1,"Bacteroidia",1,"Chitinophagales",1,"Chitinophagaceae",1,"uncultured",0.613965986080603,"uncultured bacterium",0.985511583842386
"Bin27",0.0133302293394129,"ASV34",0.169654284735671,"Bacteria","Bacteroidota","Bacteroidia","Chitinophagales","Chitinophagaceae","Terrimonas","uncultured bacterium","Bacteria",1,"Bacteroidota",1,"Bacteroidia",1,"Chitinophagales",1,"Chitinophagaceae",1,"Terrimonas",0.42253612704854,"uncultured bacterium",0.978570974091744
"Bin28",0.00720695581138222,"ASV119",0.173662627572673,"Bacteria","Bacteroidota","Bacteroidia","Chitinophagales","Saprospiraceae","uncultured","uncultured bacterium","Bacteria",1,"Bacteroidota",1,"Bacteroidia",1,"Chitinophagales",1,"Saprospiraceae",1,"uncultured",0.958541282910026,"uncultured bacterium",1
"Bin29",0.00287349301808677,"ASV585",0.180410670604321,"Bacteria","Bacteroidota","Bacteroidia","Bacteroidales","Barnesiellaceae","uncultured","uncultured bacterium","Bacteria",1,"Bacteroidota",1,"Bacteroidia",1,"Bacteroidales",1,"Barnesiellaceae",0.360821341208643,"uncultured",0.630061244906596,"uncultured bacterium",0.981024618225446
"Bin30",0.00329981657216401,"ASV385",0.211505097604441,"Bacteria","Acidobacteriota","Thermoanaerobaculia","Thermoanaerobaculales","Thermoanaerobaculaceae","Subgroup 10","uncultured bacterium","Bacteria",1,"Acidobacteriota",1,"Holophagae",0.494144698721847,"Thermoanaerobaculales",0.454155703085042,"Thermoanaerobaculaceae",0.529144502276114,"uncultured",0.551650185062017,"uncultured bacterium",1
"Bin31",0.00591859417682248,"ASV416",0.112484715350682,"Bacteria","Planctomycetota","Planctomycetes","Planctomycetales",NA,"uncultured","uncultured bacterium","Bacteria",1,"Planctomycetota",1,"Planctomycetes",1,"Planctomycetales",1,"Schlesneriaceae",0.696873833449749,"uncultured",0.695570399533781,"uncultured bacterium",1
"Bin32",0.00401838471277764,"ASV220",0.242141921180245,"Bacteria","Planctomycetota","Planctomycetes","Planctomycetales","Rubinisphaeraceae","SH-PL14","uncultured bacterium","Bacteria",1,"Planctomycetota",1,"Planctomycetes",1,"Planctomycetales",1,"Rubinisphaeraceae",1,"SH-PL14",0.750476073802959,"uncultured bacterium",1
"Bin33",0.00394932962286575,"ASV595",0.135301733728274,"Bacteria","Planctomycetota","Planctomycetes","Pirellulales","Pirellulaceae","Pir2 lineage","uncultured bacterium","Bacteria",1,"Planctomycetota",1,"Planctomycetes",1,"Pirellulales",1,"Pirellulaceae",1,"Pir2 lineage",0.580269043711279,"uncultured bacterium",1
"Bin34",0.00901111153030268,"ASV456",0.0678921283285362,"Bacteria","Planctomycetota","Planctomycetes","Pirellulales","Pirellulaceae","uncultured","uncultured bacterium","Bacteria",1,"Planctomycetota",1,"Planctomycetes",1,"Pirellulales",1,"Pirellulaceae",1,"uncultured",1,"uncultured bacterium",1
"Bin35",0.0049262681375628,"ASV376",0.139595557285493,"Bacteria","Planctomycetota","Planctomycetes","Pirellulales","Pirellulaceae","Pirellula","uncultured bacterium","Bacteria",1,"Planctomycetota",1,"Planctomycetes",1,"Pirellulales",1,"Pirellulaceae",1,"Pirellula",0.462709150245043,"uncultured bacterium",1
"Bin36",0.0138504861093251,"ASV44",0.144360120090562,"Bacteria","Planctomycetota","Planctomycetes","Pirellulales","Pirellulaceae","Pir4 lineage","uncultured bacterium","Bacteria",1,"Planctomycetota",1,"Planctomycetes",1,"Pirellulales",1,"Pirellulaceae",1,"Pir4 lineage",1,"uncultured bacterium",1
"Bin37",0.0106640961899256,"ASV67",0.142902284261384,"Bacteria","Planctomycetota","Planctomycetes","Pirellulales","Pirellulaceae","Pir4 lineage","uncultured bacterium","Bacteria",1,"Planctomycetota",1,"Planctomycetes",1,"Pirellulales",1,"Pirellulaceae",1,"Pir4 lineage",0.998015814694745,"uncultured bacterium",1
"Bin38",0.00851711240662842,"ASV127",0.149972726623588,"Bacteria","Planctomycetota","Planctomycetes","Pirellulales","Pirellulaceae","Pirellula","uncultured bacterium","Bacteria",1,"Planctomycetota",1,"Planctomycetes",1,"Pirellulales",1,"Pirellulaceae",1,"Pirellula",0.869572448194719,"uncultured bacterium",1
"Bin39",0.00298107527706401,"ASV1113",0.1064693490802,"Bacteria","Planctomycetota","Planctomycetes","Gemmatales","Gemmataceae","Fimbriiglobus","uncultured bacterium","Bacteria",1,"Planctomycetota",1,"Planctomycetes",1,"Gemmatales",1,"Gemmataceae",1,"uncultured",0.434049575207068,"uncultured bacterium",1
"Bin40",0.00857728545992703,"ASV108",0.145028681599887,"Bacteria","Planctomycetota","Planctomycetes","Gemmatales","Gemmataceae","uncultured","uncultured bacterium","Bacteria",1,"Planctomycetota",1,"Planctomycetes",0.70147620314637,"Gemmatales",0.919376374551714,"Gemmataceae",0.919376374551714,"uncultured",0.954901691516465,"uncultured bacterium",1
"Bin41",0.00646129926435215,"ASV160",0.17235476941266,"Bacteria","Planctomycetota","Phycisphaerae","Tepidisphaerales","WD2101 soil group","uncultured","uncultured bacterium","Bacteria",1,"Planctomycetota",1,"Phycisphaerae",1,"Tepidisphaerales",0.787121749073006,"WD2101 soil group",0.685327289782744,"uncultured",0.872679415853217,"uncultured bacterium",1
"Bin42",0.00347216392745751,"ASV470",0.172478612888994,"Bacteria","Planctomycetota","vadinHA49",NA,NA,"uncultured","uncultured bacterium","Bacteria",1,"Planctomycetota",1,"vadinHA49",1,NA,NA,NA,NA,"uncultured",1,"uncultured bacterium",1
"Bin43",0.00763499843904815,"ASV80",0.150948917522985,"Bacteria","Nitrospirota","Nitrospiria","Nitrospirales","Nitrospiraceae","Nitrospira","uncultured bacterium","Bacteria",1,"Nitrospirota",0.73959273912282,"Nitrospiria",0.506569648147592,"Nitrospirales",0.660475748600706,"Nitrospiraceae",0.749845648656626,"Nitrospira",0.506569648147592,"uncultured bacterium",0.978070311382065
"Bin44",0.00360253627943309,"ASV1018",0.0998932725673267,"Bacteria","Zixibacteria",NA,NA,NA,"uncultured","uncultured bacterium","Bacteria",1,"Verrucomicrobiota",0.417697408285583,"Omnitrophia",0.819041486047995,"Omnitrophales",0.879456736293337,"Omnitrophaceae",0.775569082466536,"uncultured",0.678680031816464,"uncultured bacterium",1
"Bin45",0.00670646140906293,"ASV286",0.12194877317904,"Bacteria","Acidobacteriota","Vicinamibacteria","Vicinamibacterales","Vicinamibacteraceae","uncultured","uncultured bacterium","Bacteria",1,"Acidobacteriota",1,"Vicinamibacteria",0.993948460580184,"Vicinamibacterales",0.746992594487123,"Vicinamibacteraceae",1,"uncultured",1,"uncultured bacterium",1
"Bin46",0.0118366957460665,"ASV171",0.0926368265751519,"Bacteria","Acidobacteriota","Vicinamibacteria","Vicinamibacterales",NA,"uncultured","uncultured bacterium","Bacteria",1,"Acidobacteriota",1,"Vicinamibacteria",1,"Vicinamibacterales",1,"Vicinamibacteraceae",1,"uncultured",0.884492828194201,"uncultured bacterium",1
"Bin47",0.00493206703750606,"ASV66",0.2299590630772,"Bacteria","Acidobacteriota","Blastocatellia","Blastocatellales","Blastocatellaceae","Stenotrophobacter","uncultured bacterium","Bacteria",1,"Acidobacteriota",1,"Blastocatellia",0.965216648547063,"Blastocatellales",0.723276561210728,"Blastocatellaceae",0.778916104886866,"Stenotrophobacter",0.49308115583166,"uncultured bacterium",1
"Bin48",0.0150835772200724,"ASV8",0.452074084913728,"Bacteria","Cyanobacteria","Cyanobacteriia","Chloroplast",NA,"uncultured","uncultured bacterium","Bacteria",1,"Cyanobacteria",0.980666544532096,"Cyanobacteriia",0.884036493653597,"Chloroplast",0.890178144309166,"Obscuribacteraceae",0.623778725953864,"uncultured",0.982972002591119,"uncultured bacterium",1
"Bin49",0.00462909858145959,"ASV1085",0.0730290966433935,"Archaea","Crenarchaeota","Bathyarchaeia",NA,NA,"uncultured","uncultured bacterium","Archaea",0.902054077436397,"Crenarchaeota",0.431217989732355,"Methanobacteria",0.360692971116345,"Methanobacteriales",0.408673555126664,"Methanobacteriaceae",0.443010694792276,"uncultured",0.647350090128483,"uncultured bacterium",1
"Bin50",0.0114287208170692,"ASV22",0.241587201543286,"Bacteria","Proteobacteria","Alphaproteobacteria","Rickettsiales","Mitochondria","uncultured","uncultured bacterium","Bacteria",1,"Proteobacteria",0.987507003520941,"Alphaproteobacteria",0.987507003520941,"Rickettsiales",1,"Mitochondria",1,"uncultured",1,"uncultured bacterium",1
"Bin51",0.00167937405441644,"ASV1632",0.129871309852189,"Bacteria","Patescibacteria","Microgenomatia","Candidatus Gottesmanbacteria",NA,"uncultured","uncultured bacterium","Bacteria",1,"Patescibacteria",1,"Microgenomatia",0.870331950750531,"Candidatus Gottesmanbacteria",0.410427686467013,NA,NA,"uncultured",1,"uncultured bacterium",1
"Bin52",0.0125667008436003,"ASV130",0.100469741712923,"Bacteria","Patescibacteria","Saccharimonadia","Saccharimonadales",NA,"uncultured","uncultured bacterium","Bacteria",1,"Patescibacteria",0.996386329313644,"Saccharimonadia",0.982541683353279,"Saccharimonadales",1,NA,NA,"uncultured",1,"uncultured bacterium",1
"Bin53",0.00890653093468646,"ASV203",0.110173076470083,"Bacteria","Spirochaetota","Spirochaetia","Spirochaetales","Spirochaetaceae","uncultured","uncultured bacterium","Bacteria",1,"Spirochaetota",1,"Spirochaetia",1,"Spirochaetales",1,"Spirochaetaceae",1,"uncultured",1,"uncultured bacterium",1
"Bin54",0.00804083121826495,"ASV451",0.0786606827764167,"Bacteria","Spirochaetota","Spirochaetia","Spirochaetales","Spirochaetaceae","Treponema","uncultured bacterium","Bacteria",1,"Spirochaetota",0.918588767011108,"Spirochaetia",0.720209474218275,"Spirochaetales",0.765875360174729,"Spirochaetaceae",0.765875360174729,"Treponema",0.318782379494905,"uncultured bacterium",0.984210928661847
"Bin55",0.00608533069319962,"ASV176",0.180977849301806,"Bacteria","Firmicutes","Bacilli","Alicyclobacillales","Alicyclobacillaceae","Tumebacillus","uncultured bacterium","Bacteria",1,"Firmicutes",1,"Bacilli",1,"Alicyclobacillales",0.931554198812886,"Alicyclobacillaceae",0.931554198812886,"Tumebacillus",0.931554198812886,"uncultured bacterium",0.990828592736198
"Bin56",0.16275164145426,"ASV1",0.201361505737107,"Bacteria","Firmicutes","Bacilli","Lactobacillales","Enterococcaceae","Enterococcus","uncultured bacterium","Bacteria",1,"Firmicutes",0.999875317953104,"Bacilli",0.972211515784721,"Lactobacillales",0.933184838697719,"Enterococcaceae",0.935447189952092,"Enterococcus",0.92689891505465,"uncultured bacterium",0.997615345189562
"Bin57",0.00656469861194691,"ASV58",0.271796406786124,"Bacteria","Firmicutes","Clostridia","Clostridiales","Clostridiaceae","Clostridium sensu stricto 1","uncultured bacterium","Bacteria",1,"Firmicutes",1,"Clostridia",1,"Clostridiales",0.472881929457878,"Clostridiaceae",0.664635003485464,"uncultured",0.540472259338328,"uncultured bacterium",0.993553537121913
"Bin58",0.00365511231496342,"ASV475",0.167077498658718,"Bacteria","Firmicutes","Clostridia","Oscillospirales","Hungateiclostridiaceae","Ruminiclostridium","uncultured bacterium","Bacteria",1,"Firmicutes",1,"Clostridia",1,"Oscillospirales",0.827222487982849,"Hungateiclostridiaceae",0.751677109116413,"uncultured",0.241398627537696,"uncultured bacterium",1
"Bin59",0.0128053504006427,"ASV95",0.114386740127978,"Bacteria","Proteobacteria","Gammaproteobacteria","R7C24",NA,"uncultured","uncultured bacterium","Bacteria",1,"Proteobacteria",1,"Gammaproteobacteria",1,"R7C24",0.777205640045961,"Unknown Family",1,"uncultured",0.810821813318692,"uncultured bacterium",1
"Bin60",0.010205697533803,"ASV113",0.127204232202875,"Bacteria","Proteobacteria","Gammaproteobacteria","Acidithiobacillales","Acidithiobacillaceae","KCM-B-112","uncultured bacterium","Bacteria",1,"Proteobacteria",1,"Gammaproteobacteria",1,"Acidithiobacillales",0.393624166809674,"Acidithiobacillaceae",0.604438400061808,"KCM-B-112",0.393624166809674,"uncultured bacterium",1
"Bin61",0.0148115625109238,"ASV15",0.233958479176566,"Bacteria","Bdellovibrionota","Bdellovibrionia","Bacteriovoracales","Bacteriovoracaceae","Bacteriovorax","uncultured bacterium","Bacteria",1,"Bdellovibrionota",0.645260326352154,"Bdellovibrionia",0.636578998687472,"Bacteriovoracales",0.636578998687471,"Bacteriovoracaceae",0.687092780844472,"Bacteriovorax",0.62508443791433,"uncultured bacterium",1
"Bin62",0.0269574501758987,"ASV48",0.0728504882806893,"Bacteria","Proteobacteria","Gammaproteobacteria","HOC36",NA,"uncultured","uncultured bacterium","Bacteria",1,"Proteobacteria",1,"Gammaproteobacteria",1,"Burkholderiales",0.781732625918852,"Rhodocyclaceae",0.653815279377188,"uncultured",0.332972549336553,"uncultured bacterium",1
"Bin63",0.0136255235339415,"ASV25",0.185674719782428,"Bacteria","Proteobacteria","Gammaproteobacteria","Burkholderiales","SC-I-84","uncultured","uncultured bacterium","Bacteria",1,"Proteobacteria",1,"Gammaproteobacteria",1,"Burkholderiales",1,"SC-I-84",0.470308447672357,"uncultured",0.744022187343982,"uncultured bacterium",1
"Bin64",0.00756867208526646,"ASV69",0.217728319299962,"Bacteria","Proteobacteria","Gammaproteobacteria","Burkholderiales","Rhodocyclaceae","Sulfuritalea","uncultured bacterium","Bacteria",1,"Proteobacteria",1,"Gammaproteobacteria",1,"Burkholderiales",1,"Rhodocyclaceae",1,"Sulfuritalea",0.523436540762417,"uncultured bacterium",0.89079647703781
"Bin65",0.0252114284142392,"ASV10",0.190388300184479,"Bacteria","Proteobacteria","Gammaproteobacteria","Burkholderiales","Gallionellaceae","Sideroxydans","uncultured bacterium","Bacteria",1,"Proteobacteria",1,"Gammaproteobacteria",1,"Burkholderiales",1,"Gallionellaceae",0.656336265923257,"Sideroxydans",0.656336265923257,"uncultured bacterium",1
"Bin66",0.00457615668151423,"ASV582",0.119521312329073,"Bacteria","Proteobacteria","Gammaproteobacteria","Burkholderiales","TRA3-20","uncultured","uncultured bacterium","Bacteria",1,"Proteobacteria",1,"Gammaproteobacteria",1,"Burkholderiales",1,"Methylophilaceae",0.385552873139426,"Nitrosomonas",0.239147398192319,"uncultured bacterium",1
"Bin67",0.00674760809035948,"ASV71",0.251994863649602,"Bacteria","Proteobacteria","Gammaproteobacteria","Burkholderiales","Alcaligenaceae","Parvibium","uncultured bacterium","Bacteria",1,"Proteobacteria",1,"Gammaproteobacteria",1,"Burkholderiales",1,"Alcaligenaceae",0.68637123595815,"Parvibium",0.673827802687861,"uncultured bacterium",1
"Bin68",0.00456573839487411,"ASV407",0.143690880740444,"Bacteria","Proteobacteria","Gammaproteobacteria","Burkholderiales","Comamonadaceae","Rhizobacter","uncultured bacterium","Bacteria",1,"Proteobacteria",1,"Gammaproteobacteria",1,"Burkholderiales",1,"Comamonadaceae",1,"Piscinibacter",0.460246071693822,"uncultured bacterium",0.896176230628512
"Bin69",0.00373692644880567,"ASV204",0.262178526697475,"Bacteria","Proteobacteria","Gammaproteobacteria","Burkholderiales","Comamonadaceae","Rubrivivax","uncultured bacterium","Bacteria",1,"Proteobacteria",1,"Gammaproteobacteria",1,"Burkholderiales",1,"Comamonadaceae",1,"Rubrivivax",0.421204234585693,"uncultured bacterium",1
"Bin70",0.00850928242594074,"ASV91",0.177053623627775,"Bacteria","Proteobacteria","Gammaproteobacteria","Burkholderiales","Comamonadaceae","uncultured","uncultured bacterium","Bacteria",1,"Proteobacteria",1,"Gammaproteobacteria",1,"Burkholderiales",1,"Comamonadaceae",1,"uncultured",0.602186107720062,"uncultured bacterium",0.9333827319584
"Bin71",0.0141988894540682,"ASV45",0.100974551253556,"Bacteria","Proteobacteria","Gammaproteobacteria","Burkholderiales","Comamonadaceae","Ottowia","uncultured bacterium","Bacteria",1,"Proteobacteria",1,"Gammaproteobacteria",1,"Burkholderiales",1,"Comamonadaceae",1,"Hydrogenophaga",0.254037083620074,"uncultured bacterium",0.992924807017829
"Bin72",0.0096205208346871,"ASV101",0.139782713314747,"Bacteria","Proteobacteria","Gammaproteobacteria","Xanthomonadales","Rhodanobacteraceae","Aquimonas","uncultured bacterium","Bacteria",1,"Proteobacteria",1,"Gammaproteobacteria",1,"Xanthomonadales",0.992065307151837,"Xanthomonadaceae",0.599263991899615,"Aquimonas",0.260106926553565,"uncultured bacterium",1
"Bin73",0.00296663935648412,"ASV612",0.178548636067199,"Bacteria","Proteobacteria","Gammaproteobacteria","Diplorickettsiales","Diplorickettsiaceae","uncultured","uncultured bacterium","Bacteria",1,"Proteobacteria",1,"Gammaproteobacteria",1,"Gammaproteobacteria Incertae Sedis",0.381882622571316,"Unknown Family",0.390937746422068,"uncultured",0.381347268337798,"uncultured bacterium",1
"Bin74",0.0114208860233163,"ASV86",0.133981607596813,"Bacteria","Desulfobacterota","Desulfovibrionia","Desulfovibrionales","Desulfomicrobiaceae","Desulfomicrobium","uncultured bacterium","Bacteria",1,"Desulfobacterota",0.997220941145371,"Desulfovibrionia",1,"Desulfovibrionales",1,"Desulfovibrionaceae",0.748819665008007,"Desulfovibrio",0.689857603925446,"uncultured bacterium",1
"Bin75",0.00196583848671235,"ASV418",0.328290479841203,"Bacteria","Campylobacterota","Campylobacteria","Campylobacterales",NA,"uncultured","uncultured bacterium","Bacteria",1,"Campylobacterota",0.712387341585471,"Campylobacteria",1,"Campylobacterales",1,"Sulfurimonadaceae",0.714795797774168,"uncultured",0.766596073994016,"uncultured bacterium",1
"Bin76",0.00856239358475691,"ASV183",0.121546769913835,"Bacteria","Proteobacteria","Alphaproteobacteria",NA,NA,"uncultured","uncultured bacterium","Bacteria",1,"Proteobacteria",1,"Alphaproteobacteria",1,"Acetobacterales",0.368328413838485,"Acetobacteraceae",0.635534932967197,"uncultured",0.827140174755819,"uncultured bacterium",0.970436813463484
"Bin77",0.00514148105821955,"ASV115",0.249175777534462,"Bacteria","Proteobacteria","Alphaproteobacteria","Dongiales","Dongiaceae","Dongia","uncultured bacterium","Bacteria",1,"Proteobacteria",1,"Alphaproteobacteria",1,"Dongiales",0.784380310198781,"Dongiaceae",0.784380310198781,"Dongia",0.784380310198781,"uncultured bacterium",1
"Bin78",0.00671426207652042,"ASV156",0.169339504287557,"Bacteria","Proteobacteria","Alphaproteobacteria","Defluviicoccales","Defluviicoccaceae","Defluviicoccus","uncultured bacterium","Bacteria",1,"Proteobacteria",1,"Alphaproteobacteria",1,"Defluviicoccales",1,"Defluviicoccaceae",1,"Defluviicoccus",0.974788540914581,"uncultured bacterium",1
"Bin79",0.00658910369178246,"ASV114",0.196505220772946,"Bacteria","Proteobacteria","Alphaproteobacteria","Ferrovibrionales","Ferrovibrionaceae","Ferrovibrio","uncultured bacterium","Bacteria",1,"Proteobacteria",1,"Alphaproteobacteria",1,"Tistrellales",0.536621960724686,"Geminicoccaceae",0.536621960724686,"Candidatus Alysiosphaera",0.475333613611323,"uncultured bacterium",1
"Bin80",0.00256104107310094,"ASV384",0.202421119994836,"Bacteria","Proteobacteria","Alphaproteobacteria","Caulobacterales","Hyphomonadaceae","SWB02","uncultured bacterium","Bacteria",1,"Proteobacteria",1,"Alphaproteobacteria",1,"Caulobacterales",1,"Hyphomonadaceae",1,"SWB02",0.89723661650533,"uncultured bacterium",1
"Bin81",0.0047720387809307,"ASV882",0.0786678108434458,"Bacteria","Proteobacteria","Alphaproteobacteria","Rhodobacterales","Rhodobacteraceae","Paracoccus","uncultured bacterium","Bacteria",1,"Proteobacteria",1,"Alphaproteobacteria",1,"Rhodobacterales",1,"Rhodobacteraceae",1,"Amaricoccus",0.211921608749143,"uncultured bacterium",0.937923052398909
"Bin82",0.0064767886641861,"ASV99",0.211072587322316,"Bacteria","Proteobacteria","Alphaproteobacteria","Rhizobiales","Rhizobiaceae","Shinella","uncultured bacterium","Bacteria",1,"Proteobacteria",1,"Alphaproteobacteria",1,"Rhizobiales",1,"Rhizobiaceae",1,"Allorhizobium-Neorhizobium-Pararhizobium-Rhizobium",0.488586322501499,"uncultured bacterium",1
"Bin83",0.00747702427262017,"ASV63",0.225300665112994,"Bacteria","Proteobacteria","Alphaproteobacteria","Sphingomonadales","Sphingomonadaceae","Sphingobium","uncultured bacterium","Bacteria",1,"Proteobacteria",1,"Alphaproteobacteria",1,"Sphingomonadales",0.99717005827688,"Sphingomonadaceae",0.99717005827688,"Sphingomonas",0.512714618867912,"uncultured bacterium",0.966040699322555
"Bin84",0.00405033501455511,"ASV277",0.208882678546119,"Bacteria","Proteobacteria","Alphaproteobacteria","Sphingomonadales","Sphingomonadaceae","Altererythrobacter","uncultured bacterium","Bacteria",1,"Proteobacteria",1,"Alphaproteobacteria",1,"Sphingomonadales",1,"Sphingomonadaceae",1,"Altererythrobacter",1,"uncultured bacterium",0.861560121258462
"Bin85",0.00341435142390899,"ASV342",0.222305830017225,"Bacteria","Proteobacteria","Alphaproteobacteria","Sphingomonadales","Sphingomonadaceae","Novosphingobium","uncultured bacterium","Bacteria",1,"Proteobacteria",1,"Alphaproteobacteria",1,"Sphingomonadales",1,"Sphingomonadaceae",1,"Novosphingobium",0.905847357630037,"uncultured bacterium",1
"Bin86",0.00434322641817806,"ASV191",0.234743309192424,"Bacteria","Proteobacteria","Alphaproteobacteria","Rhizobiales","Rhizobiaceae","Mesorhizobium","uncultured bacterium","Bacteria",1,"Proteobacteria",1,"Alphaproteobacteria",1,"Rhizobiales",1,"Rhizobiaceae",1,"Mesorhizobium",0.586754191939555,"uncultured bacterium",1
"Bin87",0.0124811020577548,"ASV76",0.129469168394015,"Bacteria","Proteobacteria","Alphaproteobacteria","Rhizobiales","Devosiaceae","Devosia","uncultured bacterium","Bacteria",1,"Proteobacteria",1,"Alphaproteobacteria",1,"Rhizobiales",1,"Devosiaceae",0.975417765882259,"Devosia",0.617038091607773,"uncultured bacterium",1
"Bin88",0.00792052144562642,"ASV202",0.126667359530561,"Bacteria","Proteobacteria","Alphaproteobacteria","Rhizobiales","Rhodomicrobiaceae","Rhodomicrobium","uncultured bacterium","Bacteria",1,"Proteobacteria",1,"Alphaproteobacteria",1,"Rhizobiales",1,"Rhodomicrobiaceae",1,"Rhodomicrobium",0.966956340992027,"uncultured bacterium",1
"Bin89",0.00804678311587019,"ASV214",0.11859254202011,"Bacteria","Proteobacteria","Alphaproteobacteria","Rhizobiales","Ancalomicrobiaceae","Ancalomicrobium","uncultured bacterium","Bacteria",1,"Proteobacteria",1,"Alphaproteobacteria",1,"Rhizobiales",1,"Ancalomicrobiaceae",0.475484836499803,"Ancalomicrobium",0.475484836499803,"uncultured bacterium",1
"Bin90",0.0179107544619643,"ASV100",0.0788238849404246,"Bacteria","Proteobacteria","Alphaproteobacteria","Rhizobiales","Xanthobacteraceae","Bradyrhizobium","uncultured bacterium","Bacteria",1,"Proteobacteria",1,"Alphaproteobacteria",1,"Rhizobiales",1,"Xanthobacteraceae",0.846981535612771,"Pseudorhodoplanes",0.31132552604842,"uncultured bacterium",1
"Bin91",0.00642594656952415,"ASV335",0.119856651180351,"Bacteria","Proteobacteria","Alphaproteobacteria","Rhizobiales","Pleomorphomonadaceae","Chthonobacter","uncultured bacterium","Bacteria",1,"Proteobacteria",1,"Alphaproteobacteria",1,"Rhizobiales",1,"Pleomorphomonadaceae",0.809589596247338,"Pleomorphomonas",0.636995835254711,"uncultured bacterium",1
"Bin92",0.0160566457452122,"ASV59",0.107933347998705,"Bacteria","Proteobacteria","Alphaproteobacteria","Rhizobiales","Rhizobiales Incertae Sedis","uncultured","uncultured bacterium","Bacteria",1,"Proteobacteria",1,"Alphaproteobacteria",1,"Rhizobiales",1,"Hyphomicrobiaceae",0.541722198355106,"Hyphomicrobium",0.484634658536127,"uncultured bacterium",0.976414510585812
"Bin93",0.00689912425502609,"ASV150",0.164188421302306,"Bacteria","Proteobacteria","Alphaproteobacteria","Rhizobiales","Rhizobiales Incertae Sedis","Nordella","uncultured bacterium","Bacteria",1,"Proteobacteria",1,"Alphaproteobacteria",1,"Rhizobiales",1,"Rhizobiales Incertae Sedis",1,"Nordella",0.585755399118994,"uncultured bacterium",1
"Bin94",0.00763998197747265,"ASV94",0.189629563443292,"Bacteria","Proteobacteria","Alphaproteobacteria","Rhizobiales","A0839","uncultured","uncultured bacterium","Bacteria",1,"Proteobacteria",1,"Alphaproteobacteria",1,"Caulobacterales",0.474292867485965,"Caulobacteraceae",0.474292867485965,"uncultured",0.624445910377908,"uncultured bacterium",0.932157835990126
"Bin95",0.0073062131926347,"ASV439",0.0854350264194979,"Bacteria","Proteobacteria","Alphaproteobacteria","Micavibrionales",NA,"uncultured","uncultured bacterium","Bacteria",1,"Proteobacteria",1,"Alphaproteobacteria",1,"Micavibrionales",0.623231422695146,"Micavibrionaceae",1,"uncultured",1,"uncultured bacterium",1
"Bin96",0.00229366955585323,"ASV1006",0.152215674593551,"Bacteria","Proteobacteria","Alphaproteobacteria","Rickettsiales","SM2D12","uncultured","uncultured bacterium","Bacteria",1,"Proteobacteria",1,"Alphaproteobacteria",1,"Rickettsiales",0.730054869227428,"SM2D12",0.730054869227428,"uncultured",1,"uncultured bacterium",1
"Bin97",0.00196738217871493,"ASV680",0.249433307219921,"Bacteria","Proteobacteria","Alphaproteobacteria","Rhodospirillales",NA,"uncultured","uncultured bacterium","Bacteria",1,"Proteobacteria",1,"Alphaproteobacteria",0.965447487775123,"Rhodospirillales",0.490239719729133,"Paracaedibacteraceae",0.470449376178962,"uncultured",0.895299781850715,"uncultured bacterium",1
"Bin98",0.00638771077223054,"ASV161",0.175308104804922,"Bacteria","Desulfobacterota","Desulfuromonadia","Geobacterales","Geobacteraceae","uncultured","uncultured bacterium","Bacteria",1,"Desulfobacterota",1,"Desulfuromonadia",0.923353186957751,"Geobacterales",0.923353186957751,"Geobacteraceae",0.874424569268404,"uncultured",0.638113072978822,"uncultured bacterium",1
"Bin99",0.0146284724816908,"ASV11",0.310907440781001,"Bacteria","Myxococcota","Myxococcia","Myxococcales","Myxococcaceae","uncultured","uncultured bacterium","Bacteria",1,"Myxococcota",0.902884252930845,"Myxococcia",0.659682399444487,"Myxococcales",0.659682399444487,"Myxococcaceae",0.637452465845906,"uncultured",0.825653736986891,"uncultured bacterium",1
"Bin100",0.00425693553130533,"ASV224",0.22543236300613,"Bacteria","Myxococcota","Polyangia","Haliangiales","Haliangiaceae","Haliangium","uncultured bacterium","Bacteria",1,"Myxococcota",0.844953513871927,"Polyangia",0.931503130274283,"Haliangiales",0.715820103460407,"Haliangiaceae",0.8907464751841,"Haliangium",0.649310444658347,"uncultured bacterium",0.970176372935509
"Bin101",0.00557743020011968,"ASV289",0.144514383286619,"Bacteria","Desulfobacterota","Desulfobulbia","Desulfobulbales","Desulfobulbaceae","Desulfobulbus","uncultured bacterium","Bacteria",1,"Desulfobacterota",0.658527676030586,"Desulfobulbia",0.848557379451256,"Desulfobulbales",0.917280369866839,"Desulfobulbaceae",0.518890735423369,"uncultured",0.621960578398689,"uncultured bacterium",1
"Bin102",0.00448187383648648,"ASV373",0.161883985596081,"Bacteria","Bdellovibrionota","Bdellovibrionia","Bdellovibrionales","Bdellovibrionaceae","Bdellovibrio","uncultured bacterium","Bacteria",1,"Bdellovibrionota",0.93860702799942,"Oligoflexia",0.67937786157006,"0319-6G20",0.686102834806807,"Bdellovibrionaceae",0.982670327177317,"uncultured",0.743263774189348,"uncultured bacterium",1
"Bin103",0.00472638967254489,"ASV1171",0.0669112491287757,"Bacteria","Verrucomicrobiota","Verrucomicrobiae","Pedosphaerales","Pedosphaeraceae","uncultured","uncultured bacterium","Bacteria",1,"Verrucomicrobiota",1,"Verrucomicrobiae",0.988249103158883,"Pedosphaerales",0.626036729790235,"Pedosphaeraceae",0.639381350230196,"uncultured",0.663583957603438,"uncultured bacterium",1
"Bin104",0.00421498833973129,"ASV126",0.296906222337074,"Bacteria","Actinobacteriota","Thermoleophilia","Solirubrobacterales","67-14","uncultured","uncultured bacterium","Bacteria",1,"Actinobacteriota",1,"Thermoleophilia",1,"Solirubrobacterales",1,"67-14",0.944387415855013,"uncultured",0.944387415855013,"uncultured bacterium",1
"Bin105",0.00887058188696241,"ASV118",0.147342884972199,"Bacteria","Actinobacteriota","Thermoleophilia","Gaiellales","Gaiellaceae","Gaiella","uncultured bacterium","Bacteria",1,"Actinobacteriota",1,"Thermoleophilia",1,"Gaiellales",1,"Gaiellaceae",1,"Gaiella",0.79737157903779,"uncultured bacterium",1
"Bin106",0.00599128475428585,"ASV779",0.0745229758372933,"Bacteria","Actinobacteriota","Acidimicrobiia","Microtrichales","Ilumatobacteraceae","Ilumatobacter","uncultured bacterium","Bacteria",1,"Actinobacteriota",1,"Acidimicrobiia",1,"Microtrichales",0.806431281660973,"Ilumatobacteraceae",0.68227311843342,"uncultured",0.494803995932922,"uncultured bacterium",1
"Bin107",0.012740515032797,"ASV112",0.102118885431174,"Bacteria","Actinobacteriota","Actinobacteria","Frankiales","Sporichthyaceae","Longivirga","uncultured bacterium","Bacteria",1,"Actinobacteriota",1,"Actinobacteria",1,"Micromonosporales",0.417468814177239,"Micromonosporaceae",0.446925570114307,"Mycobacterium",0.222634756906035,"uncultured bacterium",1
"Bin108",0.0105588046997709,"ASV57",0.166908992334236,"Bacteria","Actinobacteriota","Actinobacteria","Kineosporiales","Kineosporiaceae","uncultured","uncultured bacterium","Bacteria",1,"Actinobacteriota",1,"Actinobacteria",0.944017286049165,"Kineosporiales",0.545715973222662,"Kineosporiaceae",0.631311925128576,"uncultured",0.55478192297048,"uncultured bacterium",1
